"injury_rate","av_temp","snow","av_wind","day_group","winter_flag","freeze_lvl"
0.451776649746193,65.5,0,3.46392961876833,"Mon-Thu",0,"above"
0.425925925925926,69,0,3.46392961876833,"Mon-Thu",0,"above"
0.571428571428571,73.9,0,3.46392961876833,"Mon-Thu",0,"above"
0.419354838709677,73,0,3.46392961876833,"Fri",0,"above"
0.477099236641221,76.3,0,3.46392961876833,"Sat",0,"above"
0.529126213592233,71.2,0,3.46392961876833,"Sun",0,"above"
0.408510638297872,69.3,0,3.46392961876833,"Mon-Thu",0,"above"
0.430278884462151,75.9,0,3.46392961876833,"Mon-Thu",0,"above"
0.399159663865546,77.3,0,3.46392961876833,"Mon-Thu",0,"above"
0.374501992031873,74.3,0,3.46392961876833,"Mon-Thu",0,"above"
0.487364620938628,76.5,0,3.46392961876833,"Fri",0,"above"
0.563829787234043,68.9,0,3.46392961876833,"Sat",0,"above"
0.56140350877193,63.6,0,3.46392961876833,"Sun",0,"above"
0.434977578475336,65.9,0,3.46392961876833,"Mon-Thu",0,"above"
0.505791505791506,67.8,0,3.46392961876833,"Mon-Thu",0,"above"
0.5,68.6,0,3.46392961876833,"Mon-Thu",0,"above"
0.544247787610619,70,0,3.46392961876833,"Mon-Thu",0,"above"
0.441176470588235,72.2,0,3.46392961876833,"Fri",0,"above"
0.524390243902439,76,0,1.2,"Sat",0,"above"
0.546938775510204,76.5,0,2.3,"Sun",0,"above"
0.454237288135593,79.4,0,2.4,"Mon-Thu",0,"above"
0.563573883161512,79.2,0,2.6,"Mon-Thu",0,"above"
0.516666666666667,78.7,0,2.9,"Mon-Thu",0,"above"
0.394422310756972,77.6,0,2.8,"Mon-Thu",0,"above"
0.525222551928783,77.3,0,2.8,"Fri",0,"above"
0.465201465201465,76.3,0,2.7,"Sat",0,"above"
0.5,79.5,0,2.1,"Sun",0,"above"
0.431893687707641,75.7,0,3.4,"Mon-Thu",0,"above"
0.388489208633094,71.8,0,2.6,"Mon-Thu",0,"above"
0.455598455598456,72.4,0,1.8,"Mon-Thu",0,"above"
0.505882352941176,78.2,0,2.5,"Mon-Thu",0,"above"
0.403973509933775,82.4,0,2.9,"Fri",0,"above"
0.571942446043165,75.1,0,4,"Sat",0,"above"
0.603448275862069,79.4,0,2,"Sun",0,"above"
0.540856031128405,80.9,0,1.6,"Mon-Thu",0,"above"
0.539094650205761,75.1,0,4.8,"Mon-Thu",0,"above"
0.50561797752809,77.7,0,2,"Mon-Thu",0,"above"
0.485623003194888,80.1,0,2.3,"Mon-Thu",0,"above"
0.375,75.3,0,5.6,"Fri",0,"above"
0.543795620437956,76.5,0,3.4,"Sat",0,"above"
0.51027397260274,78.1,0,4.1,"Sun",0,"above"
0.489655172413793,78.1,0,3.3,"Mon-Thu",0,"above"
0.440625,77.9,0,4.3,"Mon-Thu",0,"above"
0.57089552238806,75.7,0,4.7,"Mon-Thu",0,"above"
0.425465838509317,72.6,0,3.5,"Mon-Thu",0,"above"
0.409090909090909,73.8,0,1.7,"Fri",0,"above"
0.45253164556962,80.9,0,1.5,"Sat",0,"above"
0.479233226837061,83.8,0,3.2,"Sun",0,"above"
0.444839857651246,85.9,0,3.8,"Mon-Thu",0,"above"
0.453172205438066,84.3,0,1.5,"Mon-Thu",0,"above"
0.420689655172414,81.5,0,2.3,"Mon-Thu",0,"above"
0.469879518072289,77.2,0,4.1,"Mon-Thu",0,"above"
0.368589743589744,77,0,3.1,"Fri",0,"above"
0.518900343642612,79.1,0,2.5,"Sat",0,"above"
0.460063897763578,83.1,0,4.9,"Sun",0,"above"
0.46875,85.1,0,4.4,"Mon-Thu",0,"above"
0.385906040268456,85.7,0,4.7,"Mon-Thu",0,"above"
0.427672955974843,82.3,0,1.1,"Mon-Thu",0,"above"
0.463333333333333,83.9,0,2.6,"Mon-Thu",0,"above"
0.425655976676385,75.3,0,1.1,"Fri",0,"above"
0.554666666666667,78.3,0,1.1,"Sat",0,"above"
0.454545454545455,80.7,0,3.9,"Sun",0,"above"
0.490084985835694,82.8,0,4.3,"Mon-Thu",0,"above"
0.290465631929047,74.7,0,5.3,"Mon-Thu",0,"above"
0.455072463768116,78.9,0,4.4,"Mon-Thu",0,"above"
0.438202247191011,76,0,2.1,"Mon-Thu",0,"above"
0.454005934718101,73.2,0,3.1,"Fri",0,"above"
0.542307692307692,73.5,0,2.7,"Sat",0,"above"
0.547703180212014,77.5,0,2.3,"Sun",0,"above"
0.4625,81.9,0,3.9,"Mon-Thu",0,"above"
0.413249211356467,81.6,0,3,"Mon-Thu",0,"above"
0.505119453924915,80.2,0,2.5,"Mon-Thu",0,"above"
0.523636363636364,76.4,0,1.6,"Mon-Thu",0,"above"
0.453488372093023,78.1,0,4.3,"Fri",0,"above"
0.520766773162939,76.6,0,5.4,"Sat",0,"above"
0.451612903225806,69.4,0,6.8,"Sun",0,"above"
0.513888888888889,71.1,0,3.1,"Mon-Thu",0,"above"
0.495176848874598,71.3,0,2.7,"Mon-Thu",0,"above"
0.458041958041958,71.3,0,2.1,"Mon-Thu",0,"above"
0.444444444444444,71.5,0,2.3,"Mon-Thu",0,"above"
0.46264367816092,74.6,0,4.6,"Fri",0,"above"
0.496951219512195,79.1,0,3.7,"Sat",0,"above"
0.623417721518987,79,0,2.6,"Sun",0,"above"
0.4875,81.2,0,2.5,"Mon-Thu",0,"above"
0.496503496503497,80.5,0,4.4,"Mon-Thu",0,"above"
0.448387096774194,72.3,0,6,"Mon-Thu",0,"above"
0.504373177842566,76.8,0,3.2,"Mon-Thu",0,"above"
0.503267973856209,76.1,0,2.7,"Fri",0,"above"
0.508591065292096,75.5,0,3.4,"Sat",0,"above"
0.557755775577558,74,0,6.8,"Sun",0,"above"
0.482993197278912,69.7,0,3.3,"Mon-Thu",0,"above"
0.43620178041543,70.9,0,3.3,"Mon-Thu",0,"above"
0.466019417475728,73.1,0,2.9,"Mon-Thu",0,"above"
0.537190082644628,77.5,0,2.8,"Mon-Thu",0,"above"
0.514360313315927,75.6,0,3.9,"Fri",0,"above"
0.494475138121547,72.3,0,3,"Sat",0,"above"
0.614334470989761,72.6,0,3,"Sun",0,"above"
0.56271186440678,72.4,0,2.7,"Mon-Thu",0,"above"
0.492581602373887,74.1,0,1.5,"Mon-Thu",0,"above"
0.523972602739726,74.1,0,1.9,"Mon-Thu",0,"above"
0.429394812680115,76.2,0,2.9,"Mon-Thu",0,"above"
0.54985754985755,73.4,0,4,"Fri",0,"above"
0.641447368421053,66.6,0,5.1,"Sat",0,"above"
0.453061224489796,67.7,0,2.5,"Sun",0,"above"
0.474048442906574,71.8,0,3.5,"Mon-Thu",0,"above"
0.445182724252492,60.3,0,3.9,"Mon-Thu",0,"above"
0.42671009771987,63,0,2.2,"Mon-Thu",0,"above"
0.444099378881988,68.5,0,2.3,"Mon-Thu",0,"above"
0.513196480938416,66.6,0,5.4,"Fri",0,"above"
0.433333333333333,57.2,0,6.9,"Sat",0,"above"
0.687272727272727,56.1,0,5.7,"Sun",0,"above"
0.429032258064516,56.8,0,4,"Mon-Thu",0,"above"
0.390879478827362,59.4,0,3.1,"Mon-Thu",0,"above"
0.421348314606742,67.3,0,5,"Mon-Thu",0,"above"
0.521885521885522,69.2,0,2.2,"Mon-Thu",0,"above"
0.413793103448276,69.1,0,1.5,"Fri",0,"above"
0.448484848484848,69.1,0,2.7,"Sat",0,"above"
0.561904761904762,71.9,0,2.4,"Sun",0,"above"
0.42,72.2,0,2.4,"Mon-Thu",0,"above"
0.561514195583596,70.5,0,2.7,"Mon-Thu",0,"above"
0.394812680115274,66.6,0,5.6,"Mon-Thu",0,"above"
0.424698795180723,64.3,0,4,"Mon-Thu",0,"above"
0.391428571428571,60.4,0,3.1,"Fri",0,"above"
0.520123839009288,58.7,0,4.1,"Sat",0,"above"
0.479553903345725,58.2,0,3.4,"Sun",0,"above"
0.423841059602649,60.5,0,2.4,"Mon-Thu",0,"above"
0.458461538461538,62.2,0,2.2,"Mon-Thu",0,"above"
0.425324675324675,65.3,0,6.9,"Mon-Thu",0,"above"
0.451807228915663,59.8,0,7.4,"Mon-Thu",0,"above"
0.396969696969697,58.6,0,2.3,"Fri",0,"above"
0.505415162454874,64.1,0,4.7,"Sat",0,"above"
0.512096774193548,64.8,0,5.1,"Sun",0,"above"
0.526315789473684,53.6,0,7.2,"Mon-Thu",0,"above"
0.411764705882353,55.3,0,6.7,"Mon-Thu",0,"above"
0.417417417417417,58.3,0,3.5,"Mon-Thu",0,"above"
0.453376205787781,63.3,0,4.3,"Mon-Thu",0,"above"
0.394736842105263,59,0,3,"Fri",0,"above"
0.498507462686567,50.6,0,4,"Sat",0,"above"
0.518032786885246,53.3,0,2.5,"Sun",0,"above"
0.289855072463768,57.3,0,2.3,"Mon-Thu",0,"above"
0.428571428571429,62.6,0,2.2,"Mon-Thu",0,"above"
0.476331360946746,63.4,0,1.1,"Mon-Thu",0,"above"
0.446969696969697,65.8,0,0.9,"Mon-Thu",0,"above"
0.44213649851632,64.8,0,0.9,"Fri",0,"above"
0.501661129568106,64.2,0,2.9,"Sat",0,"above"
0.480427046263345,49.5,0,5.6,"Sun",0,"above"
0.515923566878981,53.4,0,3.9,"Mon-Thu",0,"above"
0.412213740458015,56.6,0,2.6,"Mon-Thu",0,"above"
0.433656957928803,54.2,0,1.9,"Mon-Thu",0,"above"
0.437125748502994,52.4,0,5.7,"Mon-Thu",0,"above"
0.393401015228426,42.4,0,7.7,"Fri",0,"above"
0.458083832335329,39,0,2.8,"Sat",0,"drops_below"
0.483766233766234,49.3,0,3.6,"Sun",0,"drops_below"
0.425076452599388,43,0,9.8,"Mon-Thu",0,"above"
0.410526315789474,45.7,0,8,"Mon-Thu",0,"above"
0.374172185430464,50.7,0,3.2,"Mon-Thu",0,"above"
0.464985994397759,57.8,0,3.9,"Mon-Thu",0,"above"
0.454794520547945,61.9,0,3.7,"Fri",0,"above"
0.525835866261398,64.2,0,3.2,"Sat",0,"above"
0.441717791411043,65,0,2.3,"Sun",0,"above"
0.544025157232704,63.2,0,0.8,"Mon-Thu",0,"above"
0.513119533527697,65.5,0,4.1,"Mon-Thu",0,"above"
0.526666666666667,67.1,0,3.1,"Mon-Thu",0,"above"
0.45565749235474,59.9,0,4.4,"Mon-Thu",0,"above"
0.411764705882353,48.5,0,4.3,"Fri",0,"above"
0.426174496644295,48.2,0,4,"Sat",0,"above"
0.374501992031873,49.7,0,5.5,"Sun",0,"above"
0.426229508196721,52,0,6.7,"Mon-Thu",0,"above"
0.432950191570881,45.7,0,5.4,"Mon-Thu",0,"above"
0.48135593220339,34.8,0,9.1,"Mon-Thu",0,"drops_below"
0.43010752688172,37.1,0,3.8,"Mon-Thu",0,"drops_below"
0.452513966480447,51.2,0,5.3,"Fri",0,"drops_below"
0.474522292993631,57.8,0,3.9,"Sat",0,"above"
0.432432432432432,48.5,0,6.4,"Sun",0,"above"
0.473154362416107,53.3,0,6.3,"Mon-Thu",0,"above"
0.459876543209877,44.1,0,5.5,"Mon-Thu",0,"above"
0.438405797101449,48.6,0,3.6,"Mon-Thu",0,"above"
0.45320197044335,58.6,0,4.1,"Mon-Thu",0,"above"
0.46594982078853,56.7,0,2.3,"Fri",0,"above"
0.527196652719665,51.4,0,4.1,"Sat",0,"above"
0.483870967741935,47,0,2.6,"Sun",0,"above"
0.40531561461794,55.5,0,4.8,"Mon-Thu",0,"above"
0.368029739776952,53.1,0,5.3,"Mon-Thu",0,"above"
0.438297872340426,39.6,0,8.5,"Mon-Thu",0,"above"
0.365079365079365,41,0,6.2,"Mon-Thu",0,"above"
0.489247311827957,48.2,0,5.2,"Fri",0,"above"
0.410071942446043,44.1,0,6.3,"Sat",0,"above"
0.394190871369295,37.8,0,9.6,"Sun",0,"above"
0.419928825622776,34.8,0,5.3,"Mon-Thu",0,"drops_below"
0.531914893617021,32.5,0,7.3,"Mon-Thu",0,"drops_below"
0.407142857142857,34.1,0,6.5,"Mon-Thu",0,"drops_below"
0.479099678456592,41.2,0,5.7,"Mon-Thu",0,"drops_below"
0.454022988505747,46.4,0,2.4,"Fri",0,"above"
0.4,51.2,0,3.6,"Sat",0,"above"
0.516981132075472,55.4,0,5.9,"Sun",0,"above"
0.448,41.7,0,3.3,"Mon-Thu",0,"above"
0.422222222222222,35.8,0,7.3,"Mon-Thu",0,"above"
0.348973607038123,28.8,0,8.5,"Mon-Thu",0,"drops_below"
0.240343347639485,27.7,0,10.1,"Mon-Thu",0,"drops_below"
0.334532374100719,27.5,9.1,5.9,"Fri",0,"drops_below"
0.286852589641434,26.2,7.9,2.7,"Sat",0,"drops_below"
0.427835051546392,34.2,7.1,2.5,"Sun",0,"drops_below"
0.294776119402985,40.5,5.9,2.1,"Mon-Thu",0,"drops_below"
0.371875,41.3,5.1,5.4,"Mon-Thu",0,"above"
0.4,40.5,3.1,4.8,"Mon-Thu",0,"above"
0.438095238095238,50.9,2,6.1,"Mon-Thu",0,"above"
0.363095238095238,53.7,1.2,9.8,"Fri",0,"above"
0.517699115044248,28.8,0,9.1,"Sat",0,"drops_below"
0.320652173913043,29.5,0,4.2,"Sun",0,"drops_below"
0.391705069124424,42.3,0,4.1,"Mon-Thu",0,"drops_below"
0.44672131147541,39.2,0,8.1,"Mon-Thu",0,"above"
0.407563025210084,33.4,0,3.9,"Mon-Thu",0,"drops_below"
0.449640287769784,43.9,0,5.5,"Mon-Thu",0,"drops_below"
0.408560311284047,36.5,0,4.4,"Fri",1,"above"
0.481818181818182,41.5,0,6.2,"Sat",1,"above"
0.548387096774194,36.6,0,6.7,"Sun",1,"above"
0.417355371900826,37.7,0,5.3,"Mon-Thu",1,"above"
0.403508771929825,38.4,0,3.9,"Mon-Thu",1,"above"
0.395454545454545,37.4,0,6.4,"Mon-Thu",1,"above"
0.43859649122807,35.3,0,7.2,"Mon-Thu",1,"drops_below"
0.430147058823529,32,0,4.5,"Fri",1,"drops_below"
0.471311475409836,30.7,0,6,"Sat",1,"drops_below"
0.480225988700565,34.1,0,4.1,"Sun",1,"drops_below"
0.357142857142857,32.4,0,2.7,"Mon-Thu",1,"drops_below"
0.3584229390681,37.3,0,3.4,"Mon-Thu",1,"drops_below"
0.346938775510204,38.9,0,3,"Mon-Thu",1,"above"
0.430830039525692,42.9,0,1.6,"Mon-Thu",1,"above"
0.386029411764706,41.2,0,5.7,"Fri",1,"above"
0.479245283018868,43.1,0,7.2,"Sat",1,"above"
0.447619047619048,39.3,0,7.7,"Sun",1,"above"
0.408888888888889,41.3,0,6.1,"Mon-Thu",1,"above"
0.386973180076628,37.8,0,5.7,"Mon-Thu",1,"above"
0.375494071146245,36.6,0,5.7,"Mon-Thu",1,"drops_below"
0.422310756972112,32.3,0,3.9,"Mon-Thu",1,"drops_below"
0.362204724409449,40.9,0,5.7,"Fri",1,"drops_below"
0.458167330677291,31.6,0,9.2,"Sat",1,"drops_below"
0.419811320754717,26.1,0,9.2,"Sun",1,"drops_below"
0.326923076923077,29,0,5,"Mon-Thu",1,"drops_below"
0.486692015209125,33.3,0,6,"Mon-Thu",1,"drops_below"
0.358778625954198,34.3,0,5.4,"Mon-Thu",1,"drops_below"
0.324427480916031,30,0,7.2,"Mon-Thu",1,"drops_below"
0.398625429553265,20.4,0,12.5,"Fri",1,"drops_below"
0.274647887323944,22.1,0,7.6,"Sat",1,"drops_below"
0.363636363636364,23.7,0,4.8,"Sun",1,"drops_below"
0.158995815899582,27,0,11.4,"Mon-Thu",1,"drops_below"
0.159663865546218,32,5.1,8.8,"Mon-Thu",1,"drops_below"
0.207317073170732,32.2,14.2,6.5,"Mon-Thu",1,"drops_below"
0.350180505415162,35,13,6.7,"Mon-Thu",1,"drops_below"
0.325153374233129,41.1,11,3.5,"Fri",1,"drops_below"
0.349090909090909,39.4,9.1,6.6,"Sat",1,"above"
0.436213991769547,35.9,7.1,4.5,"Sun",1,"drops_below"
0.318936877076412,23.7,5.9,6.3,"Mon-Thu",1,"drops_below"
0.296943231441048,29.8,9.8,4.3,"Mon-Thu",1,"drops_below"
0.39426523297491,29.4,9.1,3.9,"Mon-Thu",1,"drops_below"
0.280936454849498,29.5,9.1,5,"Mon-Thu",1,"drops_below"
0.362068965517241,25.8,9.1,4.6,"Fri",1,"stays_below"
0.423809523809524,27.5,7.9,5.6,"Sat",1,"stays_below"
0.375,31.2,7.9,4.1,"Sun",1,"drops_below"
0.427884615384615,33.2,7.9,4.9,"Mon-Thu",1,"drops_below"
0.342723004694836,40.2,7.1,6.2,"Mon-Thu",1,"drops_below"
0.401673640167364,29.7,5.9,7.4,"Mon-Thu",1,"drops_below"
0.40625,28.1,3.1,6.8,"Mon-Thu",1,"drops_below"
0.341584158415842,29.8,2,7.3,"Fri",1,"drops_below"
0.389105058365759,31.4,5.1,5.5,"Sat",1,"drops_below"
0.509615384615385,29.7,5.9,5.8,"Sun",1,"drops_below"
0.330612244897959,34.3,5.1,3.3,"Mon-Thu",1,"drops_below"
0.404166666666667,38.8,3.1,4.5,"Mon-Thu",1,"drops_below"
0.51310861423221,45.8,3.1,6.4,"Mon-Thu",1,"above"
0.353159851301115,46,2,8.2,"Mon-Thu",1,"above"
0.504983388704319,40.1,0,3.5,"Fri",1,"above"
0.466367713004484,43,0,4.5,"Sat",1,"above"
0.466981132075472,43.7,0,4.1,"Sun",1,"above"
0.34375,43.4,0,5.9,"Mon-Thu",1,"above"
0.470149253731343,29.2,0,11.1,"Mon-Thu",1,"drops_below"
0.389344262295082,39.4,0,6,"Mon-Thu",1,"drops_below"
0.320610687022901,41.8,0,6.8,"Mon-Thu",1,"drops_below"
0.401960784313726,29.7,0,11.1,"Fri",1,"drops_below"
0.362549800796813,32.8,0,8.4,"Sat",1,"drops_below"
0.430555555555556,32.7,0,5.9,"Sun",1,"drops_below"
0.376,33.7,0,4.2,"Mon-Thu",1,"drops_below"
0.421404682274247,50.2,0,6.6,"Mon-Thu",1,"above"
0.446428571428571,48,0,5.3,"Mon-Thu",1,"above"
0.501742160278746,53.7,0,2.6,"Mon-Thu",1,"above"
0.411242603550296,63.1,0,6,"Fri",1,"above"
0.376984126984127,45.2,0,7.4,"Sat",1,"above"
0.364754098360656,45.3,0,8,"Sun",1,"above"
0.426877470355731,31.1,0,9,"Mon-Thu",1,"drops_below"
0.345991561181435,32.7,0,3.7,"Mon-Thu",1,"drops_below"
0.411522633744856,39.5,0,3,"Mon-Thu",1,"drops_below"
0.364754098360656,45.3,0,3.7,"Mon-Thu",1,"above"
0.372168284789644,38.5,0,11.3,"Fri",1,"drops_below"
0.508833922261484,43.6,0,3,"Sat",1,"drops_below"
0.563218390804598,51.9,0,2.5,"Sun",1,"above"
0.447457627118644,50.6,0,2.9,"Mon-Thu",1,"above"
0.431095406360424,52,0,4.1,"Mon-Thu",1,"above"
0.507462686567164,51.6,0,4.1,"Mon-Thu",1,"above"
0.400778210116732,55.6,0,4.1,"Mon-Thu",1,"above"
0.473214285714286,62.6,0,5.3,"Fri",1,"above"
0.566153846153846,58,0,6.6,"Sat",1,"above"
0.388888888888889,54,0,3.8,"Sun",1,"above"
0.429166666666667,50.9,0,10.5,"Mon-Thu",1,"above"
0.409252669039146,50.6,0,4.6,"Mon-Thu",1,"above"
0.46830985915493,56.2,0,4.8,"Mon-Thu",1,"above"
0.486692015209125,48.6,0,7.9,"Mon-Thu",0,"above"
0.381625441696113,35.1,0,9.1,"Fri",0,"drops_below"
0.548042704626335,40.3,0,5.9,"Sat",0,"drops_below"
0.478764478764479,52.4,0,3.3,"Sun",0,"above"
0.574626865671642,57.2,0,6.9,"Mon-Thu",0,"above"
0.487421383647799,57.6,0,6.8,"Mon-Thu",0,"above"
0.455445544554455,60,0,2.5,"Mon-Thu",0,"above"
0.503225806451613,57.6,0,3.1,"Mon-Thu",0,"above"
0.366548042704626,52.7,0,3.9,"Fri",0,"above"
0.469387755102041,57.5,0,2.4,"Sat",0,"above"
0.52093023255814,55,0,4.8,"Sun",0,"above"
0.484848484848485,47.6,0,8,"Mon-Thu",0,"above"
0.445482866043614,52.4,0,4.3,"Mon-Thu",0,"above"
0.464406779661017,58.4,0,3.2,"Mon-Thu",0,"above"
0.425925925925926,54.6,0,3.5,"Mon-Thu",0,"above"
0.426174496644295,46,0,5.5,"Fri",0,"above"
0.422641509433962,48.6,0,5.4,"Sat",0,"above"
0.608527131782946,54.6,0,2.9,"Sun",0,"above"
0.44375,58.9,0,3,"Mon-Thu",0,"above"
0.536741214057508,62.2,0,2.7,"Mon-Thu",0,"above"
0.480565371024735,58.5,0,4.7,"Mon-Thu",0,"above"
0.384920634920635,41.2,0,10.7,"Mon-Thu",0,"above"
0.34733893557423,49.4,0,7.5,"Fri",0,"above"
0.438538205980066,60.4,0,3.7,"Sat",0,"above"
0.63003663003663,56.1,0,3.9,"Sun",0,"above"
0.506666666666667,52,0,7.4,"Mon-Thu",0,"above"
0.36996336996337,54.4,0,2.7,"Mon-Thu",0,"above"
0.526315789473684,63.6,0,2,"Mon-Thu",0,"above"
0.435185185185185,66.7,0,1.3,"Mon-Thu",0,"above"
0.435045317220544,65.1,0,9.2,"Fri",0,"above"
0.547169811320755,52,0,9.3,"Sat",0,"above"
0.654545454545455,66,0,5.7,"Sun",0,"above"
0.588607594936709,62.9,0,5.2,"Mon-Thu",0,"above"
0.481159420289855,58.8,0,3.8,"Mon-Thu",0,"above"
0.421828908554572,55.3,0,3.4,"Mon-Thu",0,"above"
0.454277286135693,57,0,5.9,"Mon-Thu",0,"above"
0.435736677115987,57.7,0,3.7,"Fri",0,"above"
0.488524590163934,51.8,0,2.9,"Sat",0,"above"
0.5,51.9,0,3.3,"Sun",0,"above"
0.433691756272401,52.1,0,4.9,"Mon-Thu",0,"above"
0.55521472392638,56.8,0,4.6,"Mon-Thu",0,"above"
0.463636363636364,56.6,0,6.9,"Mon-Thu",0,"above"
0.49685534591195,60.6,0,2.5,"Mon-Thu",0,"above"
0.527980535279805,63.8,0,3.6,"Fri",0,"above"
0.532710280373832,66.8,0,3.4,"Sat",0,"above"
0.427299703264095,66.7,0,2.5,"Sun",0,"above"
0.434375,66.2,0,2.1,"Mon-Thu",0,"above"
0.489304812834225,70.4,0,4.4,"Mon-Thu",0,"above"
0.484149855907781,75.4,0,4.5,"Mon-Thu",0,"above"
0.436363636363636,68.3,0,2.6,"Mon-Thu",0,"above"
0.403645833333333,66.8,0,1.5,"Fri",0,"above"
0.555555555555556,75.8,0,2.2,"Sat",0,"above"
0.506060606060606,80,0,5.5,"Sun",0,"above"
0.422360248447205,65.2,0,6,"Mon-Thu",0,"above"
0.573446327683616,64,0,4.1,"Mon-Thu",0,"above"
0.507507507507508,72.8,0,3.5,"Mon-Thu",0,"above"
0.515011547344111,73.1,0,3.9,"Mon-Thu",0,"above"
0.452513966480447,62.3,0,7.2,"Fri",0,"above"
0.34297520661157,49.1,0,10.4,"Sat",0,"above"
0.4453125,49.2,0,8,"Sun",0,"above"
0.563636363636364,55.1,0,4.7,"Mon-Thu",0,"above"
0.453521126760563,64.8,0,0.9,"Mon-Thu",0,"above"
0.498525073746313,67.7,0,2.5,"Mon-Thu",0,"above"
0.409722222222222,65.5,0,1,"Mon-Thu",0,"above"
0.459214501510574,70.2,0,2.5,"Fri",0,"above"
0.454794520547945,74.8,0,4.1,"Sat",0,"above"
0.542234332425068,83.5,0,2.7,"Sun",0,"above"
0.509186351706037,81.5,0,2.6,"Mon-Thu",0,"above"
0.419718309859155,80.6,0,2.6,"Mon-Thu",0,"above"
0.541076487252125,78.7,0,2.4,"Mon-Thu",0,"above"
0.424324324324324,78.2,0,4.9,"Mon-Thu",0,"above"
0.46064139941691,65.8,0,4.6,"Fri",0,"above"
0.522935779816514,66.2,0,4.2,"Sat",0,"above"
0.521212121212121,66.8,0,1.9,"Sun",0,"above"
0.437689969604863,67.9,0,2,"Mon-Thu",0,"above"
0.466494845360825,68.9,0,3.8,"Mon-Thu",0,"above"
0.456185567010309,73.7,0,3.6,"Fri",0,"above"
0.467741935483871,75.8,0,4.4,"Sat",0,"above"
0.486068111455108,75.4,0,2.5,"Sun",0,"above"
0.473684210526316,80,0,2.5,"Mon-Thu",0,"above"
0.475862068965517,72.1,0,4.2,"Mon-Thu",0,"above"
0.509915014164306,64.9,0,4.3,"Mon-Thu",0,"above"
0.458333333333333,68.6,0,2.8,"Mon-Thu",0,"above"
0.498687664041995,69.4,0,2.6,"Fri",0,"above"
0.522666666666667,74.7,0,2.4,"Sat",0,"above"
0.486486486486487,79.5,0,3.8,"Sun",0,"above"
0.496042216358839,83.2,0,4.1,"Mon-Thu",0,"above"
0.497142857142857,86,0,4.2,"Mon-Thu",0,"above"
0.439226519337017,88.3,0,4.3,"Mon-Thu",0,"above"
0.473354231974922,76,0,2.1,"Mon-Thu",0,"above"
0.564564564564565,72.7,0,1.9,"Fri",0,"above"
0.463917525773196,63.6,0,6.3,"Sat",0,"above"
0.501730103806228,67.5,0,2.4,"Sun",0,"above"
0.444099378881988,74,0,2.5,"Mon-Thu",0,"above"
0.469325153374233,80.1,0,5.6,"Mon-Thu",0,"above"
0.401234567901235,79.8,0,2.4,"Mon-Thu",0,"above"
0.522875816993464,78.9,0,4.2,"Mon-Thu",0,"above"
0.520231213872832,75.4,0,3.6,"Fri",0,"above"
0.51877133105802,73.1,0,2.7,"Sat",0,"above"
0.498098859315589,72.6,0,1.7,"Sun",0,"above"
0.429042904290429,77.3,0,3,"Mon-Thu",0,"above"
0.419463087248322,71.1,0,6.1,"Mon-Thu",0,"above"
0.422960725075529,75.2,0,3.2,"Mon-Thu",0,"above"
0.486559139784946,80.8,0,1.9,"Mon-Thu",0,"above"
0.434285714285714,84,0,2.9,"Fri",0,"above"
0.566371681415929,81.7,0,1.4,"Sat",0,"above"
0.609677419354839,76.5,0,3.9,"Sun",0,"above"
0.414634146341463,74.7,0,4.1,"Mon-Thu",0,"above"
0.552447552447552,78.6,0,2.3,"Mon-Thu",0,"above"
0.43030303030303,77.5,0,1.9,"Mon-Thu",0,"above"
0.443768996960486,74,0,2.8,"Mon-Thu",0,"above"
0.382716049382716,73.6,0,2.6,"Fri",0,"above"
0.620178041543027,74.5,0,2,"Sat",0,"above"
0.475155279503106,74.9,0,1.8,"Sun",0,"above"
0.515320334261838,80,0,2.2,"Mon-Thu",0,"above"
0.459119496855346,81.4,0,2.4,"Mon-Thu",0,"above"
0.456666666666667,74.8,0,3.9,"Mon-Thu",0,"above"
0.492163009404389,73.3,0,2.7,"Mon-Thu",0,"above"
0.451697127937337,74.5,0,6.2,"Fri",0,"above"
0.526912181303116,69,0,3.4,"Sat",0,"above"
0.577557755775578,71.3,0,1.8,"Sun",0,"above"
0.526153846153846,70.5,0,3.6,"Mon-Thu",0,"above"
0.485623003194888,72,0,1.9,"Mon-Thu",0,"above"
0.494845360824742,71.9,0,3,"Mon-Thu",0,"above"
0.361842105263158,73.1,0,4.3,"Mon-Thu",0,"above"
0.569014084507042,77.4,0,2.5,"Fri",0,"above"
0.494011976047904,78.6,0,3.9,"Sat",0,"above"
0.474522292993631,72.4,0,5.6,"Sun",0,"above"
0.480825958702065,72.6,0,5.1,"Mon-Thu",0,"above"
0.610271903323263,76.6,0,1.7,"Mon-Thu",0,"above"
0.395569620253165,79.2,0,2.5,"Mon-Thu",0,"above"
0.506172839506173,80.9,0,3.5,"Mon-Thu",0,"above"
0.505586592178771,85.3,0,2,"Fri",0,"above"
0.473509933774834,84.1,0,2.7,"Sat",0,"above"
0.522292993630573,76.8,0,4,"Sun",0,"above"
0.471760797342193,74.5,0,2.2,"Mon-Thu",0,"above"
0.594405594405594,75.5,0,2,"Mon-Thu",0,"above"
0.461077844311377,77.3,0,1.8,"Mon-Thu",0,"above"
0.444055944055944,79.5,0,3.7,"Mon-Thu",0,"above"
0.452307692307692,78.4,0,2.8,"Fri",0,"above"
0.495327102803738,77.8,0,1.4,"Sat",0,"above"
0.568093385214008,74,0,4.2,"Sun",0,"above"
0.498293515358362,74.4,0,4.6,"Mon-Thu",0,"above"
0.563253012048193,79.8,0,2.6,"Mon-Thu",0,"above"
0.464285714285714,81.8,0,1.5,"Mon-Thu",0,"above"
0.475218658892128,83.9,0,2.1,"Mon-Thu",0,"above"
0.421203438395415,82.3,0,2.6,"Fri",0,"above"
0.544554455445545,74.9,0,5.3,"Sat",0,"above"
0.583798882681564,71,0,3.4,"Sun",0,"above"
0.430340557275542,77.5,0,1.4,"Mon-Thu",0,"above"
0.467741935483871,79.1,0,2.9,"Mon-Thu",0,"above"
0.445141065830721,73,0,5.5,"Mon-Thu",0,"above"
0.512328767123288,67.6,0,7.2,"Mon-Thu",0,"above"
0.427762039660057,66.7,0,3,"Fri",0,"above"
0.574780058651026,68.8,0,2.2,"Sat",0,"above"
0.597269624573379,70.7,0,1.5,"Sun",0,"above"
0.612040133779264,74.2,0,4.7,"Mon-Thu",0,"above"
0.540059347181009,71.9,0,2.1,"Mon-Thu",0,"above"
0.494011976047904,75.2,0,2.5,"Mon-Thu",0,"above"
0.469387755102041,71.6,0,6.7,"Mon-Thu",0,"above"
0.5,68.6,0,5.8,"Fri",0,"above"
0.447447447447447,68.2,0,1.8,"Sat",0,"above"
0.582554517133956,73,0,3.2,"Sun",0,"above"
0.415343915343915,78.3,0,4.2,"Mon-Thu",0,"above"
0.532163742690059,72.8,0,1.6,"Mon-Thu",0,"above"
0.52247191011236,77.1,0,3.69731903485255,"Mon-Thu",0,"above"
0.453531598513011,73.6,0,3.69731903485255,"Mon-Thu",0,"above"
0.469333333333333,72.1,0,3.69731903485255,"Fri",0,"above"
0.58307210031348,75.3,0,3.69731903485255,"Sat",0,"above"
0.537735849056604,71.7,0,3.69731903485255,"Sun",0,"above"
0.485804416403785,68.1,0,3.69731903485255,"Mon-Thu",0,"above"
0.512820512820513,68.6,0,3.69731903485255,"Mon-Thu",0,"above"
0.470588235294118,73.8,0,3.69731903485255,"Mon-Thu",0,"above"
0.454545454545455,75.8,0,4.2,"Mon-Thu",0,"above"
0.477806788511749,65.2,0,4.5,"Fri",0,"above"
0.474860335195531,66,0,0.9,"Sat",0,"above"
0.54140127388535,66.2,0,4.2,"Sun",0,"above"
0.424615384615385,68.3,0,3.69731903485255,"Mon-Thu",0,"above"
0.496621621621622,68.8,0,3.69731903485255,"Mon-Thu",0,"above"
0.580174927113703,62.2,0,3.69731903485255,"Mon-Thu",0,"above"
0.482558139534884,61.5,0,3.69731903485255,"Mon-Thu",0,"above"
0.488311688311688,58.7,0,4.04199475065617,"Fri",0,"above"
0.478510028653295,63.8,0,4.04199475065617,"Sat",0,"above"
0.451219512195122,69.4,0,4.04199475065617,"Sun",0,"above"
0.479310344827586,69.2,0,4.04199475065617,"Mon-Thu",0,"above"
0.443396226415094,62.1,0,2,"Mon-Thu",0,"above"
0.481481481481481,64,0,1.7,"Mon-Thu",0,"above"
0.453804347826087,66.6,0,0.9,"Mon-Thu",0,"above"
0.473684210526316,67.3,0,2.1,"Fri",0,"above"
0.585820895522388,64.4,0,6.7,"Sat",0,"above"
0.568773234200744,63,0,8.9,"Sun",0,"above"
0.464646464646465,64.8,0,7,"Mon-Thu",0,"above"
0.498442367601246,64.9,0,2.6,"Mon-Thu",0,"above"
0.426282051282051,65.4,0,0.8,"Mon-Thu",0,"above"
0.484419263456091,68.3,0,2.7,"Mon-Thu",0,"above"
0.501312335958005,69.4,0,1.6,"Fri",0,"above"
0.542772861356932,70,0,3.7,"Sat",0,"above"
0.551724137931034,57.3,0,5.7,"Sun",0,"above"
0.405660377358491,53.2,0,5.8,"Mon-Thu",0,"above"
0.54635761589404,54.2,0,4.8,"Mon-Thu",0,"above"
0.484931506849315,64.2,0,3.5,"Mon-Thu",0,"above"
0.440860215053763,66.6,0,3,"Mon-Thu",0,"above"
0.545931758530184,64.8,0,4,"Fri",0,"above"
0.477564102564103,55.2,0,2.6,"Sat",0,"above"
0.576271186440678,53,0,2.7,"Sun",0,"above"
0.460606060606061,63.4,0,2.2,"Mon-Thu",0,"above"
0.523219814241486,60.2,0,5.2,"Mon-Thu",0,"above"
0.489164086687306,57.3,0,7.4,"Mon-Thu",0,"above"
0.494186046511628,53.4,0,4.3,"Mon-Thu",0,"above"
0.448179271708683,53,0,6.8,"Fri",0,"above"
0.525568181818182,57.4,0,6.3,"Sat",0,"above"
0.533149171270718,58.3,0,3.4,"Sun",0,"above"
0.425981873111782,55.7,0,5.1,"Mon-Thu",0,"above"
0.489130434782609,50.8,0,2.1,"Mon-Thu",0,"above"
0.482866043613707,45.8,0,3.5,"Mon-Thu",0,"above"
0.416403785488959,44.5,0,3.2,"Mon-Thu",0,"above"
0.492227979274611,44.8,0,3.4,"Fri",0,"above"
0.53134328358209,45.9,0,2.5,"Sat",0,"above"
0.449056603773585,46.5,0,2.2,"Sun",0,"above"
0.492401215805471,53.2,0,2.8,"Mon-Thu",0,"above"
0.496951219512195,57.9,0,2.4,"Mon-Thu",0,"above"
0.531791907514451,59.5,0,2.3,"Mon-Thu",0,"above"
0.477815699658703,52.3,0,3.2,"Mon-Thu",0,"above"
0.572237960339943,61.5,0,5.6,"Fri",0,"above"
0.453731343283582,52.4,0,3.4,"Sat",0,"above"
0.527881040892193,42.7,0,3.6,"Sun",0,"above"
0.466472303206997,43.5,0,5.2,"Mon-Thu",0,"above"
0.498412698412698,42.3,0,5.8,"Mon-Thu",0,"above"
0.533123028391167,46.8,0,1.8,"Mon-Thu",0,"above"
0.532763532763533,59.6,0,4.1,"Mon-Thu",0,"above"
0.444126074498567,46.7,0,7.7,"Fri",0,"above"
0.540983606557377,41.1,0,3.3,"Sat",0,"above"
0.391941391941392,48.5,0,2.9,"Sun",0,"above"
0.474522292993631,49.8,0,5.1,"Mon-Thu",0,"above"
0.376470588235294,36.7,0,7.5,"Mon-Thu",0,"drops_below"
0.510869565217391,36.2,0,4.2,"Mon-Thu",0,"drops_below"
0.548387096774194,46.2,0,3,"Mon-Thu",0,"drops_below"
0.455938697318008,45.4,0,5.7,"Fri",0,"above"
0.46969696969697,36.7,0,8.4,"Sat",0,"above"
0.44280442804428,36.2,0,2.2,"Sun",0,"above"
0.458204334365325,39.3,0,4.9,"Mon-Thu",0,"above"
0.411347517730496,35.7,0,4.3,"Mon-Thu",0,"drops_below"
0.443609022556391,43.3,0,4,"Mon-Thu",0,"drops_below"
0.536050156739812,51.7,0,4.2,"Mon-Thu",0,"above"
0.434402332361516,46.2,0,7.5,"Fri",0,"above"
0.410071942446043,41.5,0,3,"Sat",0,"above"
0.564705882352941,43.3,0,1.9,"Sun",0,"above"
0.51304347826087,51.6,0,4.1,"Mon-Thu",0,"above"
0.476635514018692,41.7,0,6.1,"Mon-Thu",0,"above"
0.442508710801394,38.6,0,4,"Mon-Thu",0,"above"
0.508833922261484,34.8,0,5.1,"Mon-Thu",0,"drops_below"
0.46843853820598,43.1,0,3.1,"Fri",0,"drops_below"
0.52442996742671,53.3,0,3.2,"Sat",0,"above"
0.522556390977444,49.9,0,7.6,"Sun",0,"above"
0.440397350993377,45.1,0,6.6,"Mon-Thu",0,"above"
0.444099378881988,48.1,0,4.7,"Mon-Thu",0,"above"
0.501754385964912,46.4,0,4.8,"Mon-Thu",0,"above"
0.570977917981073,56.7,0,6.5,"Mon-Thu",0,"above"
0.488524590163934,58,0,6.5,"Fri",0,"above"
0.45619335347432,44.1,0,3.9,"Sat",0,"above"
0.422680412371134,40.9,0,4.8,"Sun",0,"above"
0.452054794520548,30.4,0,4.5,"Mon-Thu",0,"drops_below"
0.3671875,36.3,0,4.2,"Mon-Thu",0,"drops_below"
0.420863309352518,41.2,0,5.4,"Mon-Thu",0,"drops_below"
0.506622516556291,33.3,0,5.5,"Mon-Thu",0,"drops_below"
0.462633451957295,34.8,0,3.4,"Fri",0,"drops_below"
0.592592592592593,40.5,0,3,"Sat",0,"drops_below"
0.451612903225806,46.8,0,7.6,"Sun",0,"above"
0.429951690821256,37.4,0,4.9,"Mon-Thu",0,"above"
0.592760180995475,40,0,4.1,"Mon-Thu",0,"above"
0.416666666666667,42.6,0,5,"Mon-Thu",0,"above"
0.524663677130045,45,0,2.8,"Mon-Thu",0,"above"
0.426724137931034,50.2,0,2,"Fri",0,"above"
0.49645390070922,52.3,0,1.9,"Sat",1,"above"
0.427777777777778,53.2,0,4.1,"Sun",1,"above"
0.384615384615385,32,0,8.5,"Mon-Thu",1,"drops_below"
0.443137254901961,25.3,0,5.7,"Mon-Thu",1,"drops_below"
0.498360655737705,37.5,0,4.2,"Mon-Thu",1,"drops_below"
0.424892703862661,38.7,0,6.1,"Mon-Thu",1,"drops_below"
0.338983050847458,31.1,0,6.9,"Fri",1,"drops_below"
0.408510638297872,25.2,5.9,6.3,"Sat",1,"drops_below"
0.463519313304721,34,3.1,6.2,"Sun",1,"drops_below"
0.433962264150943,32.7,3.1,7.7,"Mon-Thu",1,"drops_below"
0.4296875,19.6,0,7.2,"Mon-Thu",1,"drops_below"
0.456,27.9,0,4.7,"Mon-Thu",1,"drops_below"
0.485074626865672,39.6,0,2.7,"Mon-Thu",1,"above"
0.451388888888889,39.4,0,6.4,"Fri",1,"drops_below"
0.389830508474576,18.2,0,6.3,"Sat",1,"drops_below"
0.332075471698113,17.3,0,6.7,"Sun",1,"drops_below"
0.351485148514851,37.5,0,9.6,"Mon-Thu",1,"drops_below"
0.333333333333333,33.5,0,8.9,"Mon-Thu",1,"drops_below"
0.376470588235294,37.4,0,4.7,"Mon-Thu",1,"drops_below"
0.475609756097561,38.8,0,6.3,"Mon-Thu",1,"drops_below"
0.340277777777778,19.3,0,6.9,"Fri",1,"stays_below"
0.413533834586466,20.5,0,5.2,"Sat",1,"stays_below"
0.458515283842795,29.1,0,5.3,"Sun",1,"drops_below"
0.403361344537815,30.5,0,3.4,"Mon-Thu",1,"drops_below"
0.463829787234043,37.3,0,4.9,"Mon-Thu",1,"drops_below"
0.432330827067669,25.6,0,5.8,"Mon-Thu",1,"drops_below"
0.472324723247232,23.9,0,4.2,"Mon-Thu",1,"drops_below"
0.358156028368794,30.6,0,3.7,"Fri",1,"drops_below"
0.22463768115942,21.9,0,9.7,"Sat",1,"drops_below"
0.325892857142857,17.1,5.9,7.9,"Sun",1,"stays_below"
0.288461538461538,25,7.1,3.5,"Mon-Thu",1,"stays_below"
0.37956204379562,28.6,5.9,4.4,"Mon-Thu",1,"drops_below"
0.464419475655431,37.7,5.9,3.5,"Mon-Thu",1,"drops_below"
0.415322580645161,44.4,3.9,3,"Mon-Thu",1,"drops_below"
0.444444444444444,43.6,2,5.4,"Fri",1,"drops_below"
0.447457627118644,24.9,0,7.2,"Sat",1,"stays_below"
0.47037037037037,22.3,0,4.7,"Sun",1,"stays_below"
0.449275362318841,32.7,0,3.3,"Mon-Thu",1,"drops_below"
0.514388489208633,37.6,0,5.4,"Mon-Thu",1,"drops_below"
0.487084870848708,35.8,0,3.8,"Mon-Thu",1,"drops_below"
0.461794019933555,44.7,0,4.1,"Mon-Thu",1,"drops_below"
0.482758620689655,47.5,0,4.2,"Fri",1,"above"
0.510548523206751,53.9,0,6.8,"Sat",1,"above"
0.48471615720524,35,0,5.4,"Sun",1,"drops_below"
0.365131578947368,21.8,1.2,7.9,"Mon-Thu",1,"drops_below"
0.480968858131488,21.9,1.2,4.5,"Mon-Thu",1,"stays_below"
0.407942238267148,34.9,0,4.5,"Mon-Thu",1,"drops_below"
0.47565543071161,55.6,0,6.6,"Mon-Thu",1,"above"
0.440860215053763,49.5,0,8.5,"Fri",1,"above"
0.464135021097046,31.4,0,5.6,"Sat",1,"drops_below"
0.502040816326531,27,0,7.7,"Sun",1,"drops_below"
0.438144329896907,39.2,0,4.9,"Mon-Thu",1,"drops_below"
0.495901639344262,45.1,0,4.3,"Mon-Thu",1,"drops_below"
0.446640316205534,60.8,0,6.6,"Mon-Thu",1,"above"
0.387387387387387,32.9,0,7,"Mon-Thu",1,"drops_below"
0.342629482071713,33.2,0,7,"Fri",1,"drops_below"
0.421052631578947,29.2,0,6.6,"Sat",1,"drops_below"
0.580246913580247,35.8,0,7.5,"Sun",1,"drops_below"
0.393501805054152,32.5,0,6.9,"Mon-Thu",1,"drops_below"
0.411290322580645,37.3,0,4.8,"Mon-Thu",1,"drops_below"
0.546938775510204,45.8,0,5,"Mon-Thu",1,"drops_below"
0.430817610062893,41.6,0,7.5,"Mon-Thu",1,"above"
0.402439024390244,27.7,0,5.7,"Fri",1,"drops_below"
0.44015444015444,37.8,0,2.9,"Sat",1,"drops_below"
0.50210970464135,51.7,0,4.5,"Sun",1,"drops_below"
0.462006079027356,67.2,0,5.3,"Mon-Thu",1,"above"
0.474903474903475,47.4,0,9.6,"Mon-Thu",1,"above"
0.437062937062937,37.7,0,4.8,"Mon-Thu",1,"above"
0.511194029850746,39.1,0,2.3,"Mon-Thu",1,"above"
0.458966565349544,45.4,0,3.1,"Fri",1,"above"
0.434782608695652,39.8,0,7.1,"Sat",1,"drops_below"
0.448905109489051,26.7,0,9.2,"Sun",1,"drops_below"
0.553054662379421,42,0,4.7,"Mon-Thu",1,"drops_below"
0.484745762711864,53.6,0,4.7,"Mon-Thu",1,"above"
0.482315112540193,57.5,0,3.7,"Mon-Thu",1,"above"
0.510791366906475,48.9,0,5.7,"Mon-Thu",1,"above"
0.524861878453039,57.6,0,2.9,"Fri",1,"above"
0.536585365853659,57.1,0,3.2,"Sat",1,"above"
0.593023255813954,57,0,5,"Sun",1,"above"
0.583617747440273,51.3,0,8.6,"Mon-Thu",1,"above"
0.408304498269896,51.6,0,6.1,"Mon-Thu",1,"above"
0.454212454212454,44.7,0,5.7,"Mon-Thu",1,"above"
0.50188679245283,42.2,0,10.1,"Mon-Thu",1,"above"
0.429967426710098,49.5,0,4,"Fri",1,"above"
0.447916666666667,50,0,4.7,"Sat",1,"above"
0.447368421052632,41.5,0,8,"Sun",1,"above"
0.454849498327759,27.9,0,10.6,"Mon-Thu",1,"drops_below"
0.496323529411765,29.1,0,10.4,"Mon-Thu",1,"drops_below"
0.407017543859649,36.3,0,4.5,"Mon-Thu",1,"drops_below"
0.457446808510638,53.1,0,3.9,"Mon-Thu",1,"drops_below"
0.524137931034483,55.7,0,7.1,"Fri",0,"above"
0.476534296028881,44.6,0,6.8,"Sat",0,"above"
0.459143968871595,45.2,0,2.4,"Sun",0,"above"
0.418685121107266,45.7,0,6.6,"Mon-Thu",0,"above"
0.420634920634921,49.9,0,2.2,"Mon-Thu",0,"above"
0.458498023715415,47.9,0,9.5,"Mon-Thu",0,"above"
0.46643109540636,48.8,0,6.3,"Mon-Thu",0,"above"
0.507288629737609,55.3,0,5.9,"Fri",0,"above"
0.522184300341297,52,0,4.9,"Sat",0,"above"
0.53169014084507,47.1,0,6.6,"Sun",0,"above"
0.42756183745583,48,0,5.9,"Mon-Thu",0,"above"
0.532051282051282,58.1,0,3.8,"Mon-Thu",0,"above"
0.557432432432432,62.8,0,3.5,"Mon-Thu",0,"above"
0.507552870090634,67,0,3.4,"Mon-Thu",0,"above"
0.551369863013699,60.1,0,5,"Fri",0,"above"
0.517730496453901,60.7,0,5.7,"Sat",0,"above"
0.556016597510373,45.7,0,6.7,"Sun",0,"above"
0.420168067226891,45.4,0,3.6,"Mon-Thu",0,"above"
0.40234375,44.5,0,9.4,"Mon-Thu",0,"above"
0.537102473498233,49.1,0,6.9,"Mon-Thu",0,"above"
0.459915611814346,51.4,0,4.7,"Mon-Thu",0,"above"
0.47463768115942,60.1,0,5.2,"Fri",0,"above"
0.442105263157895,57.3,0,4.8,"Sat",0,"above"
0.531365313653137,56.3,0,4.8,"Sun",0,"above"
0.48046875,51.9,0,4.1,"Mon-Thu",0,"above"
0.475409836065574,54.3,0,3.7,"Mon-Thu",0,"above"
0.437699680511182,52.5,0,7,"Mon-Thu",0,"above"
0.456896551724138,46.8,0,10.1,"Mon-Thu",0,"above"
0.498614958448753,50.4,0,7.2,"Fri",0,"above"
0.489096573208723,54.9,0,3.4,"Sat",0,"above"
0.52158273381295,57.6,0,2.1,"Sun",0,"above"
0.519572953736655,54.1,0,4.1,"Mon-Thu",0,"above"
0.485815602836879,55.7,0,4.8,"Mon-Thu",0,"above"
0.404,54.7,0,2.8,"Mon-Thu",0,"above"
0.434659090909091,63.4,0,3.7,"Mon-Thu",0,"above"
0.532967032967033,57.8,0,2.2,"Fri",0,"above"
0.395904436860068,48.7,0,9,"Sat",0,"above"
0.438461538461538,50.4,0,9.6,"Sun",0,"above"
0.491525423728814,56.6,0,9.5,"Mon-Thu",0,"above"
0.47972972972973,60.9,0,9.3,"Mon-Thu",0,"above"
0.456666666666667,62.3,0,6.2,"Mon-Thu",0,"above"
0.498371335504886,64.4,0,4,"Mon-Thu",0,"above"
0.518072289156627,63.2,0,4,"Fri",0,"above"
0.492753623188406,64.5,0,1.7,"Sat",0,"above"
0.617647058823529,65.2,0,2.4,"Sun",0,"above"
0.479865771812081,69.3,0,3.1,"Mon-Thu",0,"above"
0.576433121019108,66.2,0,6.2,"Mon-Thu",0,"above"
0.550595238095238,63.2,0,4.5,"Mon-Thu",0,"above"
0.467289719626168,59.6,0,2.3,"Mon-Thu",0,"above"
0.503086419753086,61.1,0,3.4,"Fri",0,"above"
0.459770114942529,71.4,0,1.6,"Sat",0,"above"
0.49685534591195,80.8,0,3,"Sun",0,"above"
0.486486486486487,69.3,0,5.8,"Mon-Thu",0,"above"
0.52158273381295,63.5,0,4.6,"Mon-Thu",0,"above"
0.539473684210526,60.5,0,2.5,"Mon-Thu",0,"above"
0.438709677419355,61,0,2.6,"Mon-Thu",0,"above"
0.463492063492064,68.9,0,2.7,"Fri",0,"above"
0.515358361774744,67.4,0,3,"Sat",0,"above"
0.556737588652482,68.3,0,1.5,"Sun",0,"above"
0.649606299212598,73,0,2.4,"Mon-Thu",0,"above"
0.46045197740113,82.7,0,3.2,"Mon-Thu",0,"above"
0.47588424437299,65.3,0,6,"Mon-Thu",0,"above"
0.454258675078864,66.9,0,2.2,"Mon-Thu",0,"above"
0.484375,67.7,0,3.6,"Fri",0,"above"
0.59,70.7,0,1.7,"Sat",0,"above"
0.494983277591973,68,0,3.4,"Sun",0,"above"
0.54983922829582,70.2,0,2.8,"Mon-Thu",0,"above"
0.504885993485342,69.5,0,5,"Mon-Thu",0,"above"
0.501607717041801,72.8,0,4.3,"Mon-Thu",0,"above"
0.520504731861199,73.8,0,5.7,"Mon-Thu",0,"above"
0.53551912568306,69.9,0,5.8,"Fri",0,"above"
0.62987012987013,70.8,0,2.4,"Sat",0,"above"
0.458181818181818,67.4,0,2.8,"Sun",0,"above"
0.520376175548589,75.2,0,1.9,"Mon-Thu",0,"above"
0.479365079365079,74.9,0,3.6,"Mon-Thu",0,"above"
0.65,73.5,0,3.2,"Mon-Thu",0,"above"
0.413907284768212,67,0,2.9,"Mon-Thu",0,"above"
0.447154471544715,76.3,0,5,"Fri",0,"above"
0.65615141955836,69.3,0,7.4,"Sat",0,"above"
0.657894736842105,62.8,0,6.2,"Sun",0,"above"
0.542857142857143,67.4,0,3.3,"Mon-Thu",0,"above"
0.420886075949367,70.4,0,2,"Mon-Thu",0,"above"
0.556818181818182,65,0,3.9,"Mon-Thu",0,"above"
0.530201342281879,66.2,0,3.6,"Mon-Thu",0,"above"
0.464788732394366,69.7,0,1.7,"Fri",0,"above"
0.453296703296703,78.5,0,2.2,"Sat",0,"above"
0.58600583090379,79.6,0,2.6,"Sun",0,"above"
0.496688741721854,73.9,0,3.2,"Mon-Thu",0,"above"
0.608843537414966,71.4,0,2.5,"Mon-Thu",0,"above"
0.582236842105263,73.6,0,1.5,"Mon-Thu",0,"above"
0.546583850931677,76.6,0,2.7,"Mon-Thu",0,"above"
0.53015873015873,80.4,0,2.7,"Fri",0,"above"
0.539855072463768,81,0,3.1,"Sat",0,"above"
0.472,80.6,0,3.1,"Sun",0,"above"
0.615686274509804,76.5,0,2.7,"Mon-Thu",0,"above"
0.540636042402827,76.9,0,3.3,"Mon-Thu",0,"above"
0.572413793103448,76.8,0,4.2,"Mon-Thu",0,"above"
0.592982456140351,77,0,4.8,"Mon-Thu",0,"above"
0.585858585858586,73,0,1.6,"Fri",0,"above"
0.459459459459459,76.4,0,2.7,"Sat",0,"above"
0.46,73.7,0,4,"Sun",0,"above"
0.623655913978495,73.9,0,4.1,"Mon-Thu",0,"above"
0.597744360902256,78,0,5.2,"Mon-Thu",0,"above"
0.651465798045603,82.5,0,2.9,"Mon-Thu",0,"above"
0.511111111111111,80.5,0,3.1,"Mon-Thu",0,"above"
0.58974358974359,78.9,0,3.9,"Fri",0,"above"
0.606498194945848,75.5,0,2.7,"Sat",0,"above"
0.597864768683274,76.4,0,2.2,"Sun",0,"above"
0.486754966887417,77.1,0,1.6,"Mon-Thu",0,"above"
0.602739726027397,80.3,0,4.6,"Mon-Thu",0,"above"
0.562068965517241,85.4,0,3.5,"Mon-Thu",0,"above"
0.737373737373737,83.6,0,3.5,"Mon-Thu",0,"above"
0.488023952095808,85.3,0,2.9,"Fri",0,"above"
0.537704918032787,84.6,0,2,"Sat",0,"above"
0.571969696969697,86,0,3.8,"Sun",0,"above"
0.508960573476703,82.9,0,3.8,"Mon-Thu",0,"above"
0.510869565217391,77.1,0,3.9,"Mon-Thu",0,"above"
0.466898954703833,76.7,0,1.8,"Mon-Thu",0,"above"
0.545454545454545,79.8,0,2.4,"Mon-Thu",0,"above"
0.441935483870968,80.5,0,3.4,"Fri",0,"above"
0.462295081967213,78.8,0,4.1,"Sat",0,"above"
0.565972222222222,78.4,0,1.5,"Sun",0,"above"
0.47098976109215,72.1,0,2.7,"Mon-Thu",0,"above"
0.554794520547945,78.5,0,3,"Mon-Thu",0,"above"
0.592592592592593,81,0,2.8,"Mon-Thu",0,"above"
0.57190635451505,82.6,0,2.7,"Mon-Thu",0,"above"
0.547987616099071,82.7,0,2.8,"Fri",0,"above"
0.53525641025641,83.2,0,3.5,"Sat",0,"above"
0.451127819548872,83.8,0,4.3,"Sun",0,"above"
0.559748427672956,85,0,5.1,"Mon-Thu",0,"above"
0.549295774647887,87.1,0,4.8,"Mon-Thu",0,"above"
0.572519083969466,80.8,0,3.2,"Mon-Thu",0,"above"
0.531468531468531,79.5,0,1.6,"Mon-Thu",0,"above"
0.552706552706553,78.2,0,4.7,"Fri",0,"above"
0.54071661237785,72.9,0,3.7,"Sat",0,"above"
0.534426229508197,73.5,0,2.4,"Sun",0,"above"
0.568464730290456,74.4,0,1.9,"Mon-Thu",0,"above"
0.553264604810997,73.8,0,4.9,"Mon-Thu",0,"above"
0.647509578544061,73.4,0,2.1,"Mon-Thu",0,"above"
0.570921985815603,72.9,0,3.1,"Mon-Thu",0,"above"
0.63986013986014,77.7,0,2.8,"Fri",0,"above"
0.512903225806452,80.7,0,2.9,"Sat",0,"above"
0.533088235294118,76.7,0,1.9,"Sun",0,"above"
0.477911646586345,75.2,0,2.8,"Mon-Thu",0,"above"
0.534798534798535,76.9,0,1.8,"Mon-Thu",0,"above"
0.4,79,0,3.6,"Mon-Thu",0,"above"
0.583333333333333,81,0,1.8,"Mon-Thu",0,"above"
0.496621621621622,79.8,0,2.5,"Fri",0,"above"
0.521311475409836,81.3,0,3.3,"Sat",0,"above"
0.598591549295775,76.6,0,4.5,"Sun",0,"above"
0.562015503875969,78.2,0,2.7,"Mon-Thu",0,"above"
0.585106382978723,79.6,0,3.6,"Mon-Thu",0,"above"
0.599315068493151,76.1,0,4.6,"Mon-Thu",0,"above"
0.470198675496689,76.9,0,2.8,"Mon-Thu",0,"above"
0.543252595155709,70.9,0,4.2,"Fri",0,"above"
0.625418060200669,71.9,0,1.8,"Sat",0,"above"
0.561752988047809,77.3,0,2.3,"Sun",0,"above"
0.517786561264822,78.4,0,1.5,"Mon-Thu",0,"above"
0.547337278106509,71.5,0,1.9,"Mon-Thu",0,"above"
0.432950191570881,68,0,6.1,"Mon-Thu",0,"above"
0.511627906976744,70.2,0,4.6,"Mon-Thu",0,"above"
0.495867768595041,70.3,0,2.7,"Fri",0,"above"
0.5625,73,0,2,"Sat",0,"above"
0.594594594594595,71.9,0,2,"Sun",0,"above"
0.45859872611465,72,0,1.7,"Mon-Thu",0,"above"
0.44478527607362,75,0,2.1,"Mon-Thu",0,"above"
0.566775244299674,71.5,0,5.2,"Mon-Thu",0,"above"
0.48048048048048,70,0,4.8,"Mon-Thu",0,"above"
0.537142857142857,65.6,0,1.7,"Fri",0,"above"
0.557251908396947,68.7,0,4.3,"Sat",0,"above"
0.525423728813559,73.4,0,4.1,"Sun",0,"above"
0.460750853242321,75.7,0,3.8,"Mon-Thu",0,"above"
0.454861111111111,71.8,0,3.7,"Mon-Thu",0,"above"
0.504477611940298,70.4,0,2.2,"Mon-Thu",0,"above"
0.462365591397849,69.6,0,5.9,"Mon-Thu",0,"above"
0.524844720496894,57.2,0,8.3,"Fri",0,"above"
0.43006993006993,57.2,0,4.7,"Sat",0,"above"
0.551236749116608,64.4,0,2.7,"Sun",0,"above"
0.546153846153846,64.7,0,5.3,"Mon-Thu",0,"above"
0.464912280701754,64.8,0,3.9,"Mon-Thu",0,"above"
0.528169014084507,61.2,0,3.4,"Mon-Thu",0,"above"
0.582802547770701,60.7,0,4.9,"Mon-Thu",0,"above"
0.496951219512195,57.6,0,5.8,"Fri",0,"above"
0.515243902439024,57,0,8.2,"Sat",0,"above"
0.493877551020408,58.4,0,10.1,"Sun",0,"above"
0.402476780185758,50.8,0,10.2,"Mon-Thu",0,"above"
0.514814814814815,49.8,0,8.1,"Mon-Thu",0,"above"
0.631147540983607,56.1,0,5.4,"Mon-Thu",0,"above"
0.57910447761194,61.6,0,2.5,"Mon-Thu",0,"above"
0.515527950310559,67.1,0,3.4,"Fri",0,"above"
0.557377049180328,55.3,0,4.8,"Sat",0,"above"
0.419753086419753,52.5,0,2.8,"Sun",0,"above"
0.486111111111111,58.7,0,2.2,"Mon-Thu",0,"above"
0.494584837545126,59.9,0,2.9,"Mon-Thu",0,"above"
0.493630573248408,62.7,0,2.8,"Mon-Thu",0,"above"
0.534653465346535,65.1,0,3.1,"Mon-Thu",0,"above"
0.576368876080692,58.6,0,3.8,"Fri",0,"above"
0.509090909090909,58.9,0,2,"Sat",0,"above"
0.532258064516129,59.2,0,2.5,"Sun",0,"above"
0.534351145038168,60,0,3.1,"Mon-Thu",0,"above"
0.508,52.6,0,4.5,"Mon-Thu",0,"above"
0.555944055944056,47.8,0,4.9,"Mon-Thu",0,"above"
0.488294314381271,50.5,0,5,"Mon-Thu",0,"above"
0.453731343283582,53.8,0,2.3,"Fri",0,"above"
0.48,57.1,0,2.4,"Sat",0,"above"
0.429166666666667,57.5,0,4.8,"Sun",0,"above"
0.570945945945946,57.2,0,6.9,"Mon-Thu",0,"above"
0.555932203389831,64,0,3.3,"Mon-Thu",0,"above"
0.481203007518797,66.4,0,2.2,"Mon-Thu",0,"above"
0.493630573248408,60.8,0,4.8,"Mon-Thu",0,"above"
0.519867549668874,51.3,0,5.8,"Fri",0,"above"
0.433224755700326,50.3,0,3.4,"Sat",0,"above"
0.462068965517241,52.5,0,0.9,"Sun",0,"above"
0.472027972027972,57.2,0,0.7,"Mon-Thu",0,"above"
0.535971223021583,61.9,0,2.4,"Mon-Thu",0,"above"
0.614906832298137,61.8,0,2.7,"Mon-Thu",0,"above"
0.548895899053628,59,0,1.5,"Mon-Thu",0,"above"
0.557491289198606,59.8,0,1.7,"Fri",0,"above"
0.598639455782313,68,0,2.7,"Sat",0,"above"
0.61038961038961,69.6,0,3.8,"Sun",0,"above"
0.6,71.3,0,4.8,"Mon-Thu",0,"above"
0.506493506493506,54.1,0,5.6,"Mon-Thu",0,"above"
0.486486486486487,47,0,5.1,"Mon-Thu",0,"above"
0.533834586466165,54.6,0,2.8,"Mon-Thu",0,"above"
0.47741935483871,62.6,0,2.1,"Fri",0,"above"
0.559259259259259,67.2,0,4.6,"Sat",0,"above"
0.493670886075949,53.5,0,4.3,"Sun",0,"above"
0.456273764258555,41.5,0,5.8,"Mon-Thu",0,"above"
0.481481481481481,40.1,0,5,"Mon-Thu",0,"above"
0.485148514851485,43.6,0,7.2,"Mon-Thu",0,"above"
0.420689655172414,40.9,0,6.8,"Mon-Thu",0,"above"
0.48943661971831,38.8,0,4.4,"Fri",0,"above"
0.492163009404389,36,0,6.2,"Sat",0,"drops_below"
0.421686746987952,35.4,0,7.2,"Sun",0,"drops_below"
0.498360655737705,33,0,5.6,"Mon-Thu",0,"drops_below"
0.415032679738562,42.7,0,5,"Mon-Thu",0,"drops_below"
0.558922558922559,48.2,0,3.5,"Mon-Thu",0,"above"
0.426315789473684,46.3,0,3.8,"Mon-Thu",0,"above"
0.5,50.1,0,5.5,"Fri",0,"above"
0.62753036437247,48.4,0,7,"Sat",0,"above"
0.533613445378151,51.4,0,4.5,"Sun",0,"above"
0.511811023622047,52.9,0,6.8,"Mon-Thu",0,"above"
0.454166666666667,40.6,0,2.8,"Mon-Thu",0,"above"
0.516129032258065,47.9,0,4.4,"Mon-Thu",0,"above"
0.474226804123711,40.6,0,8.4,"Mon-Thu",0,"above"
0.5,37.6,0,3.5,"Fri",0,"drops_below"
0.46594982078853,52.1,0,4.7,"Sat",0,"drops_below"
0.486274509803922,43,0,5.3,"Sun",0,"above"
0.464684014869888,41,0,3,"Mon-Thu",0,"above"
0.556603773584906,49.2,0,3.7,"Mon-Thu",0,"above"
0.563758389261745,57.1,0,3.1,"Mon-Thu",0,"above"
0.440559440559441,51.9,0,4.1,"Mon-Thu",0,"above"
0.554098360655738,40.8,0,5.4,"Fri",0,"above"
0.604743083003953,36,0,6.4,"Sat",0,"drops_below"
0.551282051282051,37.8,0,7.3,"Sun",0,"drops_below"
0.5,34,0,5.8,"Mon-Thu",0,"drops_below"
0.486754966887417,30.9,0,3.6,"Mon-Thu",0,"drops_below"
0.452107279693487,33.8,0,5.6,"Mon-Thu",0,"drops_below"
0.577844311377245,36.6,0,7,"Mon-Thu",0,"above"
0.528150134048257,42.1,0,10.8,"Fri",0,"above"
0.487364620938628,40.2,0,7.2,"Sat",0,"above"
0.49792531120332,36.6,0,6.3,"Sun",0,"above"
0.51985559566787,33.9,0,6.6,"Mon-Thu",0,"drops_below"
0.503759398496241,34.4,0,5.5,"Mon-Thu",0,"drops_below"
0.51685393258427,32.9,0,1.6,"Mon-Thu",0,"drops_below"
0.56551724137931,38.9,0,5.6,"Mon-Thu",0,"drops_below"
0.543408360128617,43.4,0,9,"Fri",0,"drops_below"
0.423220973782772,10.3,0,10.2,"Sat",0,"stays_below"
0.392265193370166,19.3,0,7.5,"Sun",0,"stays_below"
0.481481481481481,22.9,0,6.7,"Mon-Thu",0,"stays_below"
0.417840375586854,30.5,0,4.8,"Mon-Thu",0,"drops_below"
0.53393665158371,38.3,0,4.4,"Mon-Thu",0,"drops_below"
0.635467980295567,44.9,0,5.2,"Mon-Thu",0,"above"
0.444816053511706,51.9,0,3.3,"Fri",0,"above"
0.584677419354839,52.2,0,2.3,"Sat",0,"above"
0.501818181818182,52.4,0,4.8,"Sun",1,"above"
0.587378640776699,52,0,3.1,"Mon-Thu",1,"above"
0.459821428571429,51.6,0,2.5,"Mon-Thu",1,"above"
0.446215139442231,59.1,0,3.2,"Mon-Thu",1,"above"
0.564102564102564,49,0,4.3,"Mon-Thu",1,"above"
0.564102564102564,45.1,0,4.3,"Fri",1,"above"
0.464088397790055,40.7,0,6.2,"Sat",1,"above"
0.452127659574468,37.7,0,4.2,"Sun",1,"above"
0.466942148760331,39.6,0,4.5,"Mon-Thu",1,"above"
0.531746031746032,39.6,0,4,"Mon-Thu",1,"above"
0.446511627906977,37.8,0,5.4,"Mon-Thu",1,"above"
0.508960573476703,42.1,0,4.2,"Mon-Thu",1,"above"
0.550335570469799,52,0,6,"Fri",1,"above"
0.395161290322581,35.6,0,7.7,"Sat",1,"drops_below"
0.598958333333333,33.9,0,8.4,"Sun",1,"drops_below"
0.532407407407407,35.5,0,7.3,"Mon-Thu",1,"drops_below"
0.41015625,41,0,3.4,"Mon-Thu",1,"drops_below"
0.581395348837209,47.5,0,6.1,"Mon-Thu",1,"above"
0.506711409395973,42.7,0,4.3,"Mon-Thu",1,"above"
0.472340425531915,43.4,0,5.5,"Fri",1,"above"
0.530434782608696,40,0,5.3,"Sat",1,"above"
0.586776859504132,38.4,0,3.3,"Sun",1,"above"
0.616600790513834,37.8,0,6.2,"Mon-Thu",1,"above"
0.485106382978723,38.9,0,6.4,"Mon-Thu",1,"above"
0.515625,38.4,0,4.4,"Mon-Thu",1,"above"
0.42578125,47.7,0,8.2,"Mon-Thu",1,"above"
0.459574468085106,39.2,0,5.4,"Fri",1,"above"
0.423076923076923,42.7,0,6.1,"Sat",1,"above"
0.446511627906977,48.8,0,4.3,"Sun",1,"above"
0.5,48.1,0,2.7,"Mon-Thu",1,"above"
0.46360153256705,40.8,0,3.3,"Mon-Thu",1,"above"
0.484375,32.1,0,5.5,"Mon-Thu",1,"drops_below"
0.557251908396947,33.3,0,3.3,"Mon-Thu",1,"drops_below"
0.462540716612378,27.3,0,9.4,"Fri",1,"drops_below"
0.481981981981982,12.2,0,8.6,"Sat",1,"drops_below"
0.521739130434783,35.1,0,4.2,"Sun",1,"drops_below"
0.501960784313725,45.3,0,4.1,"Mon-Thu",1,"drops_below"
0.465116279069767,35.9,0,4,"Mon-Thu",1,"drops_below"
0.611814345991561,44.8,0,5.3,"Mon-Thu",1,"drops_below"
0.42436974789916,47.5,0,3,"Mon-Thu",1,"above"
0.595959595959596,56,0,6.8,"Fri",1,"above"
0.461538461538462,42.4,0,6.1,"Sat",1,"above"
0.490384615384615,42.4,0,2.6,"Sun",1,"above"
0.593155893536122,46.7,0,6.6,"Mon-Thu",1,"above"
0.532818532818533,48.1,0,5.6,"Mon-Thu",1,"above"
0.53030303030303,54.4,0,2.9,"Mon-Thu",1,"above"
0.524904214559387,61.4,0,4,"Mon-Thu",1,"above"
0.547101449275362,54.4,0,4.9,"Fri",1,"above"
0.432539682539683,34.1,0,8.1,"Sat",1,"drops_below"
0.572614107883817,42,0,3.5,"Sun",1,"drops_below"
0.580645161290323,51,0,5.2,"Mon-Thu",1,"above"
0.646017699115044,44.3,0,3.9,"Mon-Thu",1,"above"
0.492957746478873,40.7,0,5.2,"Mon-Thu",1,"above"
0.53953488372093,38.8,0,6.9,"Mon-Thu",1,"above"
0.446096654275093,41.9,0,6.5,"Fri",1,"above"
0.464435146443515,27.1,0,4.3,"Sat",1,"drops_below"
0.512931034482759,35.3,0,4.4,"Sun",1,"drops_below"
0.48780487804878,39.5,0,4,"Mon-Thu",1,"drops_below"
0.442982456140351,34.3,0,6.3,"Mon-Thu",1,"drops_below"
0.536977491961415,38.3,2,4.2,"Mon-Thu",1,"drops_below"
0.473684210526316,43.9,1.2,4,"Mon-Thu",1,"above"
0.50709219858156,41.6,0,4.3,"Fri",1,"above"
0.507407407407407,41.5,0,7.2,"Sat",1,"above"
0.556818181818182,43.7,0,6.3,"Sun",1,"above"
0.575875486381323,45.6,0,5.3,"Mon-Thu",1,"above"
0.516483516483517,40.9,0,8.1,"Mon-Thu",1,"above"
0.453389830508475,37.7,0,7.9,"Mon-Thu",1,"drops_below"
0.521885521885522,40.6,0,6.8,"Mon-Thu",1,"drops_below"
0.520547945205479,40.4,0,3.8,"Fri",1,"above"
0.536885245901639,40.4,0,6.7,"Sat",1,"above"
0.568075117370892,39.8,0,3.9,"Sun",1,"above"
0.56782334384858,41.2,0,6.3,"Mon-Thu",1,"above"
0.51865671641791,36.3,0,8.1,"Mon-Thu",1,"above"
0.602112676056338,37.8,0,11.2,"Mon-Thu",1,"above"
0.555555555555556,43.2,0,6.4,"Mon-Thu",1,"above"
0.673758865248227,53.6,0,2.7,"Fri",1,"above"
0.44206008583691,50,0,6,"Sat",1,"above"
0.475806451612903,36.6,0,8.2,"Sun",1,"drops_below"
0.505226480836237,38.9,0,3.7,"Mon-Thu",1,"drops_below"
0.504032258064516,50.5,0,4.9,"Mon-Thu",1,"drops_below"
0.506787330316742,53.6,0,4.2,"Mon-Thu",1,"above"
0.574712643678161,52.7,0,3.3,"Mon-Thu",1,"above"
0.550607287449393,50.9,0,4.4,"Fri",1,"above"
0.548672566371681,45.1,0,7.4,"Sat",1,"above"
0.552816901408451,50.8,0,5.7,"Sun",1,"above"
0.473484848484849,52.8,0,4.3,"Mon-Thu",1,"above"
0.51219512195122,46.2,0,3.7,"Mon-Thu",1,"above"
0.427007299270073,46.6,0,4.3,"Mon-Thu",1,"above"
0.467576791808874,39.4,0,7.2,"Mon-Thu",1,"drops_below"
0.5625,44.9,0,2.5,"Fri",1,"drops_below"
0.564748201438849,59.8,0,3.1,"Sat",0,"above"
0.577235772357724,47.9,0,8.2,"Sun",0,"above"
0.576923076923077,47.2,0,3.6,"Mon-Thu",0,"above"
0.59672131147541,58.9,0,2.3,"Mon-Thu",0,"above"
0.607272727272727,52.7,0,6.9,"Mon-Thu",0,"above"
0.535398230088496,57.9,0,2.4,"Mon-Thu",0,"above"
0.717703349282297,55.8,0,7.1,"Fri",0,"above"
0.571428571428571,45,0,3.8,"Sat",0,"above"
0.528571428571429,46.6,0,3.6,"Sun",0,"above"
0.513761467889908,51.5,0,4,"Mon-Thu",0,"above"
0.588516746411483,61.8,0,4.8,"Mon-Thu",0,"above"
0.566523605150215,72.6,0,5.6,"Mon-Thu",0,"above"
0.556962025316456,78.4,0,4.2,"Mon-Thu",0,"above"
0.627177700348432,80,0,2.6,"Fri",0,"above"
0.491735537190083,69.8,0,3.8,"Sat",0,"above"
0.540540540540541,63.4,0,2.5,"Sun",0,"above"
0.582677165354331,58,0,4.2,"Mon-Thu",0,"above"
0.453389830508475,53.8,0,6.2,"Mon-Thu",0,"above"
0.496323529411765,51.7,0,5.6,"Mon-Thu",0,"above"
0.560975609756098,53.8,0,3,"Mon-Thu",0,"above"
0.560897435897436,59,0,2.8,"Fri",0,"above"
0.558139534883721,56.8,0,6.9,"Sat",0,"above"
0.524163568773234,58.5,0,4.7,"Sun",0,"above"
0.529801324503311,53.1,0,4.2,"Mon-Thu",0,"above"
0.529182879377432,52.9,0,2.4,"Mon-Thu",0,"above"
0.571929824561404,52.6,0,2.3,"Mon-Thu",0,"above"
0.607594936708861,53,0,2.6,"Mon-Thu",0,"above"
0.560655737704918,51.9,0,4.8,"Fri",0,"above"
0.522935779816514,49.6,0,6.8,"Sat",0,"above"
0.454225352112676,52.8,0,6.7,"Sun",0,"above"
0.501915708812261,56.7,0,5.9,"Mon-Thu",0,"above"
0.539094650205761,51.3,0,4.6,"Mon-Thu",0,"above"
0.545801526717557,51,0,3.6,"Mon-Thu",0,"above"
0.466898954703833,50.3,0,2.7,"Mon-Thu",0,"above"
0.524916943521595,54.6,0,2.3,"Fri",0,"above"
0.580924855491329,60,0,2.4,"Sat",0,"above"
0.595890410958904,65.5,0,2.3,"Sun",0,"above"
0.528428093645485,67.3,0,3.8,"Mon-Thu",0,"above"
0.511784511784512,62.9,0,3.2,"Mon-Thu",0,"above"
0.588014981273408,60.2,0,0.9,"Mon-Thu",0,"above"
0.577854671280277,68.2,0,3.4,"Mon-Thu",0,"above"
0.551351351351351,75.3,0,2.5,"Fri",0,"above"
0.579124579124579,76.2,0,2.4,"Sat",0,"above"
0.532871972318339,67.8,0,4.9,"Sun",0,"above"
0.588679245283019,63.7,0,3.7,"Mon-Thu",0,"above"
0.592982456140351,69,0,4.5,"Mon-Thu",0,"above"
0.584848484848485,63.8,0,5.2,"Mon-Thu",0,"above"
0.614420062695925,53.4,0,4.3,"Mon-Thu",0,"above"
0.533546325878594,59.3,0,1.5,"Fri",0,"above"
0.59,60.4,0,2.8,"Sat",0,"above"
0.535211267605634,63.3,0,3.8,"Sun",0,"above"
0.513986013986014,64.8,0,1.6,"Mon-Thu",0,"above"
0.540740740740741,61.1,0,3.1,"Mon-Thu",0,"above"
0.64963503649635,61.9,0,1.5,"Mon-Thu",0,"above"
0.5,58.8,0,6.9,"Mon-Thu",0,"above"
0.52027027027027,62.9,0,3.5,"Fri",0,"above"
0.55,66.3,0,2.7,"Sat",0,"above"
0.722846441947566,67.4,0,2,"Sun",0,"above"
0.590361445783133,69.4,0,4,"Mon-Thu",0,"above"
0.493006993006993,62.8,0,5.2,"Mon-Thu",0,"above"
0.524528301886792,62.4,0,2.3,"Mon-Thu",0,"above"
0.614925373134328,70.3,0,1.6,"Mon-Thu",0,"above"
0.528846153846154,74.9,0,1.4,"Fri",0,"above"
0.518518518518518,65.8,0,5.5,"Sat",0,"above"
0.51171875,58.8,0,5.8,"Sun",0,"above"
0.474308300395257,64.4,0,2.7,"Mon-Thu",0,"above"
0.608208955223881,68.3,0,3.3,"Mon-Thu",0,"above"
0.49034749034749,64.1,0,4.8,"Mon-Thu",0,"above"
0.51931330472103,62.8,0,2.8,"Mon-Thu",0,"above"
0.557491289198606,64.4,0,3.3,"Fri",0,"above"
0.597938144329897,66.9,0,3.7,"Sat",0,"above"
0.6,71.9,0,0.8,"Sun",0,"above"
0.532871972318339,71.6,0,1.3,"Mon-Thu",0,"above"
0.507299270072993,69.4,0,4.3,"Mon-Thu",0,"above"
0.631944444444444,68.5,0,2.4,"Mon-Thu",0,"above"
0.661971830985915,68.1,0,5.4,"Mon-Thu",0,"above"
0.548387096774194,69.6,0,2,"Fri",0,"above"
0.562962962962963,67.7,0,3.9,"Sat",0,"above"
0.54140127388535,70.7,0,4.6,"Sun",0,"above"
0.532567049808429,72.3,0,3.2,"Mon-Thu",0,"above"
0.659498207885305,69.4,0,3.7,"Mon-Thu",0,"above"
0.578358208955224,66.5,0,9,"Mon-Thu",0,"above"
0.523809523809524,64.9,0,8.1,"Mon-Thu",0,"above"
0.529411764705882,67.6,0,2,"Fri",0,"above"
0.642105263157895,72.2,0,1.1,"Sat",0,"above"
0.54006968641115,76,0,1.5,"Sun",0,"above"
0.520833333333333,73,0,2.3,"Mon-Thu",0,"above"
0.533088235294118,70.8,0,2.6,"Mon-Thu",0,"above"
0.601659751037344,72.9,0,2.2,"Mon-Thu",0,"above"
0.513307984790874,73.7,0,2.7,"Mon-Thu",0,"above"
0.631578947368421,75.6,0,1.1,"Fri",0,"above"
0.7,75,0,2.1,"Sat",0,"above"
0.538775510204082,76.1,0,2.2,"Sun",0,"above"
0.547445255474453,78.7,0,2.1,"Mon-Thu",0,"above"
0.633187772925764,76,0,1.2,"Mon-Thu",0,"above"
0.683453237410072,80.9,0,1.3,"Mon-Thu",0,"above"
0.619771863117871,82.7,0,1.1,"Mon-Thu",0,"above"
0.587360594795539,78.9,0,0.8,"Fri",0,"above"
0.586065573770492,79.3,0,2.6,"Sat",0,"above"
0.661157024793388,77.6,0,1.1,"Sun",0,"above"
0.642585551330799,76.3,0,3,"Mon-Thu",0,"above"
0.694545454545455,78.2,0,2.9,"Mon-Thu",0,"above"
0.555160142348754,82.4,0,2.6,"Mon-Thu",0,"above"
0.583038869257951,82.5,0,2.6,"Mon-Thu",0,"above"
0.680147058823529,78.7,0,3.4,"Fri",0,"above"
0.557768924302789,77.7,0,1.6,"Sat",0,"above"
0.549295774647887,77.2,0,1.3,"Sun",0,"above"
0.594855305466238,79.9,0,2.2,"Mon-Thu",0,"above"
0.621951219512195,78.4,0,1,"Mon-Thu",0,"above"
0.671052631578947,75.9,0,1.5,"Mon-Thu",0,"above"
0.579505300353357,77.5,0,2.1,"Mon-Thu",0,"above"
0.684210526315789,77.4,0,2.1,"Fri",0,"above"
0.633451957295374,77.1,0,3.4,"Sat",0,"above"
0.626506024096386,77.3,0,0.9,"Sun",0,"above"
0.694779116465863,78.6,0,2.9,"Mon-Thu",0,"above"
0.548172757475083,76.4,0,2.7,"Mon-Thu",0,"above"
0.628252788104089,75.6,0,1.5,"Mon-Thu",0,"above"
0.647302904564315,82.4,0,4.3,"Mon-Thu",0,"above"
0.588850174216028,82.2,0,1.7,"Fri",0,"above"
0.648148148148148,82.7,0,3.5,"Sat",0,"above"
0.780392156862745,73,0,5.1,"Sun",0,"above"
0.611538461538462,74.3,0,2.1,"Mon-Thu",0,"above"
0.589285714285714,73.7,0,4.3,"Mon-Thu",0,"above"
0.552941176470588,72.3,0,2.9,"Mon-Thu",0,"above"
0.586206896551724,72.3,0,2.4,"Mon-Thu",0,"above"
0.606617647058823,73.2,0,2.5,"Fri",0,"above"
0.544061302681992,76.9,0,2.8,"Sat",0,"above"
0.524344569288389,77.8,0,2.4,"Sun",0,"above"
0.587755102040816,75,0,1.7,"Mon-Thu",0,"above"
0.5875,73.9,0,3.4,"Mon-Thu",0,"above"
0.551724137931034,76.7,0,6.9,"Mon-Thu",0,"above"
0.65979381443299,74.7,0,1.4,"Mon-Thu",0,"above"
0.563636363636364,73.8,0,3.5,"Fri",0,"above"
0.683333333333333,77,0,2,"Sat",0,"above"
0.591911764705882,78,0,3.7,"Sun",0,"above"
0.633333333333333,78.7,0,1.5,"Mon-Thu",0,"above"
0.653543307086614,74.5,0,3.6,"Mon-Thu",0,"above"
0.546153846153846,74.4,0,3.4,"Mon-Thu",0,"above"
0.626865671641791,74.7,0,3.4,"Mon-Thu",0,"above"
0.684745762711864,74.8,0,3.3,"Fri",0,"above"
0.728937728937729,70.7,0,4.9,"Sat",0,"above"
0.547892720306513,74.8,0,3.1,"Sun",0,"above"
0.578740157480315,79.6,0,3.2,"Mon-Thu",0,"above"
0.639130434782609,74.7,0,5.1,"Mon-Thu",0,"above"
0.63963963963964,71.4,0,2.5,"Mon-Thu",0,"above"
0.51063829787234,70.3,0,0.9,"Mon-Thu",0,"above"
0.555555555555556,71.8,0,1.3,"Fri",0,"above"
0.762845849802372,77.4,0,2,"Sat",0,"above"
0.51004016064257,76,0,4.3,"Sun",0,"above"
0.553648068669528,72.9,0,2.2,"Mon-Thu",0,"above"
0.605381165919282,72.9,0,4,"Mon-Thu",0,"above"
0.560311284046693,76,0,2.9,"Mon-Thu",0,"above"
0.594855305466238,70.4,0,6.8,"Mon-Thu",0,"above"
0.622837370242215,68.2,0,4.6,"Fri",0,"above"
0.618374558303887,68.9,0,1.5,"Sat",0,"above"
0.656370656370656,76.6,0,3.7,"Sun",0,"above"
0.602272727272727,80.5,0,2.1,"Mon-Thu",0,"above"
0.631578947368421,82.7,0,2.1,"Mon-Thu",0,"above"
0.580756013745705,84.3,0,2.1,"Mon-Thu",0,"above"
0.535947712418301,85.1,0,1.6,"Mon-Thu",0,"above"
0.476923076923077,77.8,0,1.8,"Fri",0,"above"
0.568773234200744,75.9,0,1.1,"Sat",0,"above"
0.582644628099174,73.2,0,1.7,"Sun",0,"above"
0.493197278911565,74.1,0,2.4,"Mon-Thu",0,"above"
0.546428571428571,73,0,1.2,"Mon-Thu",0,"above"
0.557692307692308,74.2,0,2.1,"Mon-Thu",0,"above"
0.524590163934426,71.2,0,4.2,"Mon-Thu",0,"above"
0.582417582417582,63.7,0,5.8,"Fri",0,"above"
0.559027777777778,66.3,0,5.4,"Sat",0,"above"
0.539906103286385,67.4,0,2.6,"Sun",0,"above"
0.525,66.3,0,2.2,"Mon-Thu",0,"above"
0.607017543859649,64.6,0,3.9,"Mon-Thu",0,"above"
0.642105263157895,65.3,0,2.7,"Mon-Thu",0,"above"
0.559859154929577,64.5,0,2.5,"Mon-Thu",0,"above"
0.619718309859155,64.7,0,5.2,"Fri",0,"above"
0.498054474708171,60.1,0,9.6,"Sat",0,"above"
0.584229390681004,63.2,0,11,"Sun",0,"above"
0.525423728813559,63.1,0,7.8,"Mon-Thu",0,"above"
0.66789667896679,58.9,0,6.9,"Mon-Thu",0,"above"
0.648464163822526,57.5,0,6.2,"Mon-Thu",0,"above"
0.584967320261438,59.1,0,5.6,"Mon-Thu",0,"above"
0.578616352201258,61.5,0,6.1,"Fri",0,"above"
0.532258064516129,60.9,0,5.6,"Sat",0,"above"
0.636734693877551,66.5,0,3.6,"Sun",0,"above"
0.557971014492754,69.4,0,2.6,"Mon-Thu",0,"above"
0.612179487179487,69.1,0,0.7,"Mon-Thu",0,"above"
0.647887323943662,72.7,0,1,"Mon-Thu",0,"above"
0.620689655172414,68.7,0,1.7,"Mon-Thu",0,"above"
0.513071895424837,68.6,0,3.1,"Fri",0,"above"
0.592592592592593,66.1,0,3.7,"Sat",0,"above"
0.533333333333333,54.7,0,6.5,"Sun",0,"above"
0.615384615384615,53.9,0,4,"Mon-Thu",0,"above"
0.553191489361702,57.2,0,3.3,"Mon-Thu",0,"above"
0.608540925266904,60.9,0,1.8,"Mon-Thu",0,"above"
0.605839416058394,61.1,0,1.2,"Mon-Thu",0,"above"
0.620578778135048,57.8,0,3.2,"Fri",0,"above"
0.602836879432624,53.4,0,2.6,"Sat",0,"above"
0.582456140350877,53.6,0,5.6,"Sun",0,"above"
0.482876712328767,54,0,3.6,"Mon-Thu",0,"above"
0.611721611721612,55.9,0,3.2,"Mon-Thu",0,"above"
0.549800796812749,57.2,0,1.2,"Mon-Thu",0,"above"
0.503184713375796,57.9,0,2,"Mon-Thu",0,"above"
0.597058823529412,60.8,0,2.2,"Fri",0,"above"
0.589473684210526,60.1,0,3.9,"Sat",0,"above"
0.714828897338403,54.7,0,6.5,"Sun",0,"above"
0.590106007067138,52,0,6,"Mon-Thu",0,"above"
0.50381679389313,54.7,0,2.2,"Mon-Thu",0,"above"
0.578767123287671,60.9,0,4,"Mon-Thu",0,"above"
0.593959731543624,67.2,0,2.6,"Mon-Thu",0,"above"
0.607142857142857,67.9,0,3.1,"Fri",0,"above"
0.6,71.4,0,3.9,"Sat",0,"above"
0.544354838709677,57.5,0,5.7,"Sun",0,"above"
0.54416961130742,55.1,0,3.7,"Mon-Thu",0,"above"
0.536496350364963,49.1,0,4,"Mon-Thu",0,"above"
0.591439688715953,45.8,0,5.1,"Mon-Thu",0,"above"
0.528138528138528,41.5,0,4,"Mon-Thu",0,"above"
0.6,47.4,0,4.6,"Fri",0,"above"
0.652719665271967,52.7,0,4.1,"Sat",0,"above"
0.578059071729958,56.4,0,1.9,"Sun",0,"above"
0.607913669064748,50.3,0,3.3,"Mon-Thu",0,"above"
0.550420168067227,57.5,0,3.9,"Mon-Thu",0,"above"
0.629213483146067,49.4,0,4.8,"Mon-Thu",0,"above"
0.578512396694215,49,0,3,"Mon-Thu",0,"above"
0.52073732718894,51,0,3.8,"Fri",0,"above"
0.525252525252525,48.2,0,3.8,"Sat",0,"above"
0.508620689655172,41.3,0,4.1,"Sun",0,"above"
0.615131578947368,41.5,0,3.3,"Mon-Thu",0,"above"
0.62781954887218,47.5,0,4.7,"Mon-Thu",0,"above"
0.578754578754579,45.6,0,1.9,"Mon-Thu",0,"above"
0.578571428571429,53.2,0,3,"Mon-Thu",0,"above"
0.503067484662577,59.1,0,4.1,"Fri",0,"above"
0.521276595744681,56.1,0,5,"Sat",0,"above"
0.676363636363636,46.1,0,3.8,"Sun",0,"above"
0.473015873015873,41.9,0,4.5,"Mon-Thu",0,"above"
0.615598885793872,40,0,6,"Mon-Thu",0,"above"
0.623728813559322,50.8,0,5,"Mon-Thu",0,"above"
0.573604060913706,49.2,0,5.3,"Mon-Thu",0,"above"
0.554054054054054,47,0,5.1,"Fri",0,"above"
0.568720379146919,35.1,0,3.2,"Sat",0,"drops_below"
0.535885167464115,41.6,0,2.5,"Sun",0,"drops_below"
0.526515151515151,48.4,0,6,"Mon-Thu",0,"above"
0.495614035087719,35.9,0,7.9,"Mon-Thu",0,"above"
0.610878661087866,32,0,5,"Mon-Thu",0,"drops_below"
0.559259259259259,40.5,0,4.8,"Mon-Thu",0,"drops_below"
0.503030303030303,46.1,0,3.4,"Fri",0,"above"
0.547892720306513,50,0,2.6,"Sat",0,"above"
0.565384615384615,51.4,0,5.7,"Sun",0,"above"
0.523985239852399,49.2,0,4.7,"Mon-Thu",0,"above"
0.492307692307692,41.7,0,3.8,"Mon-Thu",0,"above"
0.529411764705882,38.5,0,4.5,"Mon-Thu",0,"above"
0.490706319702602,35.2,0,6,"Mon-Thu",0,"drops_below"
0.516363636363636,43,0,2.6,"Fri",0,"drops_below"
0.725274725274725,49.8,0,2.3,"Sat",0,"above"
0.683720930232558,55.2,0,2,"Sun",0,"above"
0.586440677966102,46.8,0,7.1,"Mon-Thu",0,"above"
0.55448717948718,39.6,0,4.9,"Mon-Thu",0,"above"
0.503787878787879,41.8,0,5.4,"Mon-Thu",0,"above"
0.548387096774194,36.8,0,5.6,"Mon-Thu",0,"above"
0.553398058252427,44.8,0,5.4,"Fri",0,"above"
0.610878661087866,50.5,0,4.5,"Sat",0,"above"
0.554621848739496,49.5,0,6,"Sun",0,"above"
0.594594594594595,56.1,0,7.1,"Mon-Thu",0,"above"
0.583025830258303,40.5,0,7,"Mon-Thu",0,"above"
0.628975265017668,35.6,0,5.3,"Mon-Thu",0,"drops_below"
0.515901060070671,38,0,5.3,"Mon-Thu",0,"drops_below"
0.498452012383901,31.1,0,3.8,"Fri",0,"drops_below"
0.568807339449541,37.8,0,2.5,"Sat",0,"above"
0.546296296296296,43.8,0,1.9,"Sun",0,"above"
0.662337662337662,46.3,0,2.2,"Mon-Thu",0,"above"
0.553191489361702,46.7,0,1.9,"Mon-Thu",0,"above"
0.609442060085837,46.2,0,3.2,"Mon-Thu",0,"above"
0.6875,50.9,0,7.7,"Mon-Thu",0,"above"
0.5893536121673,50.1,0,3.2,"Fri",0,"above"
0.517543859649123,43.9,0,5.3,"Sat",0,"above"
0.513513513513513,41.5,0,4.9,"Sun",0,"above"
0.658536585365854,42.5,0,3,"Mon-Thu",1,"above"
0.472222222222222,35.7,0,3.1,"Mon-Thu",1,"drops_below"
0.627118644067797,38.4,0,4.8,"Mon-Thu",1,"drops_below"
0.552511415525114,40,0,5.2,"Mon-Thu",1,"above"
0.413654618473896,31.2,0,7.4,"Fri",1,"drops_below"
0.551282051282051,34.2,0,4.2,"Sat",1,"drops_below"
0.538461538461538,36.2,0,7.7,"Sun",1,"drops_below"
0.604255319148936,39.1,0,5.8,"Mon-Thu",1,"above"
0.559139784946237,41.7,0,4,"Mon-Thu",1,"above"
0.48471615720524,51.5,0,8.6,"Mon-Thu",1,"above"
0.568965517241379,44,0,5.8,"Mon-Thu",1,"above"
0.593959731543624,44.5,0,5.9,"Fri",1,"above"
0.52755905511811,50.7,0,8.3,"Sat",1,"above"
0.530232558139535,36.3,0,7.6,"Sun",1,"drops_below"
0.624365482233503,26.9,0,5.3,"Mon-Thu",1,"drops_below"
0.429090909090909,27.9,0,6.5,"Mon-Thu",1,"drops_below"
0.637795275590551,22,1.2,7.4,"Mon-Thu",1,"drops_below"
0.511013215859031,26,1.2,6.4,"Mon-Thu",1,"drops_below"
0.53968253968254,30.6,1.2,5.5,"Fri",1,"drops_below"
0.61244019138756,22.4,1.2,8.7,"Sat",1,"drops_below"
0.504310344827586,23.7,1.2,9,"Sun",1,"stays_below"
0.55327868852459,29.2,1.2,5.5,"Mon-Thu",1,"drops_below"
0.464285714285714,36.6,1.2,5.6,"Mon-Thu",1,"drops_below"
0.55,41.1,1.2,3.5,"Mon-Thu",1,"above"
0.515873015873016,51.8,0,3.3,"Mon-Thu",1,"above"
0.670411985018727,45.2,0,5.2,"Fri",1,"above"
0.479338842975207,45.3,0,3.3,"Sat",1,"above"
0.573705179282869,41,0,6.9,"Sun",1,"above"
0.478599221789883,37.8,0,5.9,"Mon-Thu",1,"above"
0.521951219512195,36.3,0,4.4,"Mon-Thu",1,"above"
0.516393442622951,36.6,0,3.8,"Mon-Thu",1,"above"
0.581818181818182,40.9,0,3.6,"Mon-Thu",1,"above"
0.62992125984252,43.1,0,4,"Fri",1,"above"
0.652892561983471,37.8,0,7.2,"Sat",1,"drops_below"
0.539419087136929,37.5,0,5,"Sun",1,"drops_below"
0.60077519379845,37.6,0,5.5,"Mon-Thu",1,"drops_below"
0.607142857142857,34.9,0,6.4,"Mon-Thu",1,"drops_below"
0.520161290322581,39,0,4.3,"Mon-Thu",1,"drops_below"
0.545081967213115,44.3,0,2.5,"Mon-Thu",1,"above"
0.596551724137931,46.7,0,4,"Fri",1,"above"
0.523076923076923,52,0,3,"Sat",1,"above"
0.617021276595745,49.7,0,3.9,"Sun",1,"above"
0.645161290322581,42.5,0,3.4,"Mon-Thu",1,"above"
0.50828729281768,37.3,0,7.4,"Mon-Thu",1,"above"
0.644827586206897,34.2,1.2,9.4,"Mon-Thu",1,"drops_below"
0.569672131147541,31.9,2,6.1,"Mon-Thu",1,"drops_below"
0.517730496453901,38.5,0,7.9,"Fri",1,"drops_below"
0.571428571428571,33.8,0,5.5,"Sat",1,"drops_below"
0.627358490566038,31.4,2,6.6,"Sun",1,"drops_below"
0.586206896551724,37,0,4.7,"Mon-Thu",1,"drops_below"
0.653679653679654,32.5,0,5,"Mon-Thu",1,"drops_below"
0.578199052132701,35.1,0,4,"Mon-Thu",1,"drops_below"
0.508474576271186,38.5,0,3.6,"Mon-Thu",1,"drops_below"
0.493087557603687,43.8,0,2.9,"Fri",1,"above"
0.516587677725118,41.9,0,5,"Sat",1,"above"
0.69620253164557,30.7,0,3.9,"Sun",1,"drops_below"
0.542016806722689,41.7,0,4.2,"Mon-Thu",1,"drops_below"
0.631386861313869,47.3,0,3.3,"Mon-Thu",1,"above"
0.586206896551724,53.9,0,5.4,"Mon-Thu",1,"above"
0.557312252964427,40,0,10.3,"Mon-Thu",1,"drops_below"
0.529220779220779,36.8,0,4,"Fri",1,"drops_below"
0.542735042735043,45.3,0,4.2,"Sat",1,"above"
0.574561403508772,55.7,0,3.2,"Sun",1,"above"
0.557768924302789,54.1,0,4.7,"Mon-Thu",1,"above"
0.526923076923077,44.6,0,8.2,"Mon-Thu",1,"above"
0.50709219858156,49.1,0,3.4,"Mon-Thu",1,"above"
0.535714285714286,50.3,0,7.8,"Mon-Thu",1,"above"
0.57051282051282,47.2,0,4.7,"Fri",1,"above"
0.527675276752767,43.3,0,5.8,"Sat",1,"above"
0.491228070175439,45.9,0,7.9,"Sun",1,"above"
0.453846153846154,42.4,0,11,"Mon-Thu",1,"above"
0.496268656716418,52.7,0,6.9,"Mon-Thu",1,"above"
0.564516129032258,56.3,0,3.2,"Mon-Thu",1,"above"
0.545126353790614,56.4,0,2.4,"Mon-Thu",1,"above"
0.623188405797101,61.8,0,4.8,"Fri",1,"above"
0.523076923076923,53.1,0,4.1,"Sat",1,"above"
0.604,55.8,0,5.6,"Sun",1,"above"
0.55859375,47.2,0,5.7,"Mon-Thu",1,"above"
0.606965174129353,40.7,0,7.7,"Mon-Thu",1,"above"
0.530612244897959,45.4,0,4.2,"Mon-Thu",1,"above"
0.532258064516129,35.8,0,9,"Mon-Thu",1,"drops_below"
0.590909090909091,35.2,0,4.5,"Fri",1,"drops_below"
0.526086956521739,43.2,0,5.5,"Sat",1,"drops_below"
0.622302158273381,38.7,0,7.3,"Sun",1,"drops_below"
0.588850174216028,41.9,0,7.2,"Mon-Thu",1,"drops_below"
0.547717842323652,45.4,0,6.4,"Mon-Thu",1,"above"
0.54,46.5,0,2.7,"Mon-Thu",1,"above"
0.639405204460966,48.8,0,3.5,"Mon-Thu",1,"above"
0.707423580786026,47.3,0,8.3,"Fri",1,"above"
0.51984126984127,48.6,0,8.3,"Sat",1,"above"
0.555084745762712,53.5,0,5,"Sun",1,"above"
0.540540540540541,52.5,0,2.6,"Mon-Thu",0,"above"
0.617424242424242,48.3,0,4,"Mon-Thu",0,"above"
0.583333333333333,43.1,0,9.9,"Mon-Thu",0,"above"
0.452755905511811,42.8,0,9.9,"Mon-Thu",0,"above"
0.456896551724138,43.9,0,7.3,"Fri",0,"above"
0.558035714285714,46.6,0,6.5,"Sat",0,"above"
0.647540983606557,50.1,0,6.5,"Sun",0,"above"
0.576763485477178,53.6,0,2.4,"Mon-Thu",0,"above"
0.546712802768166,64,0,2,"Mon-Thu",0,"above"
0.565217391304348,59,0,5,"Mon-Thu",0,"above"
0.469565217391304,54.7,0,5.7,"Mon-Thu",0,"above"
0.469178082191781,60,0,7.2,"Fri",0,"above"
0.526548672566372,53.1,0,9.7,"Sat",0,"above"
0.611814345991561,58.3,0,5.7,"Sun",0,"above"
0.526881720430108,69.1,0,4.1,"Mon-Thu",0,"above"
0.66147859922179,63.3,0,5,"Mon-Thu",0,"above"
0.583673469387755,56.8,0,4.5,"Mon-Thu",0,"above"
0.573275862068966,48.1,0,9.5,"Mon-Thu",0,"above"
0.56390977443609,50.4,0,4.9,"Fri",0,"above"
0.600760456273764,56.8,0,3.3,"Sat",0,"above"
0.544247787610619,48.6,0,5.6,"Sun",0,"above"
0.524271844660194,51.4,0,3.8,"Mon-Thu",0,"above"
0.511764705882353,53.3,0,3.7,"Mon-Thu",0,"above"
0.666666666666667,58.3,0,4.4,"Mon-Thu",0,"above"
0.50996015936255,50.8,0,6.3,"Mon-Thu",0,"above"
0.614457831325301,50.8,0,3.2,"Fri",0,"above"
0.472081218274112,52.4,0,3.2,"Sat",0,"above"
0.595238095238095,61.2,0,1.6,"Sun",0,"above"
0.65587044534413,72.6,0,2.3,"Mon-Thu",0,"above"
0.671794871794872,60.2,0,6.1,"Mon-Thu",0,"above"
0.743190661478599,61.1,0,2.5,"Mon-Thu",0,"above"
0.551587301587302,63.1,0,2.6,"Mon-Thu",0,"above"
0.581132075471698,59.8,0,5.3,"Fri",0,"above"
0.625531914893617,54.6,0,3.6,"Sat",0,"above"
0.64,51.1,0,4.7,"Sun",0,"above"
0.576208178438662,59.6,0,1.6,"Mon-Thu",0,"above"
0.626334519572954,69.1,0,3,"Mon-Thu",0,"above"
0.558139534883721,73,0,3,"Mon-Thu",0,"above"
0.482352941176471,67.6,0,4.6,"Mon-Thu",0,"above"
0.565371024734982,53.3,0,6.4,"Fri",0,"above"
0.552,52.9,0,2.2,"Sat",0,"above"
0.64,51.3,0,1.7,"Sun",0,"above"
0.588014981273408,55.1,0,3.8,"Mon-Thu",0,"above"
0.541044776119403,62.7,0,1.6,"Mon-Thu",0,"above"
0.597826086956522,61,0,5,"Mon-Thu",0,"above"
0.563706563706564,61,0,7.9,"Mon-Thu",0,"above"
0.607142857142857,64.4,0,5.2,"Fri",0,"above"
0.6,63.5,0,2.5,"Sat",0,"above"
0.600806451612903,64.8,0,4.3,"Sun",0,"above"
0.547169811320755,62.8,0,2.6,"Mon-Thu",0,"above"
0.70446735395189,68.1,0,2.4,"Mon-Thu",0,"above"
0.645390070921986,74.1,0,4.2,"Mon-Thu",0,"above"
0.625954198473282,73.7,0,2.9,"Mon-Thu",0,"above"
0.68955223880597,76,0,2.4,"Fri",0,"above"
0.570833333333333,73,0,2.3,"Sat",0,"above"
0.766666666666667,71.6,0,1.6,"Sun",0,"above"
0.55440414507772,68.7,0,4,"Mon-Thu",0,"above"
0.62781954887218,71,0,4.4,"Mon-Thu",0,"above"
0.613793103448276,68,0,3.8,"Mon-Thu",0,"above"
0.577358490566038,63.3,0,4.6,"Mon-Thu",0,"above"
0.58477508650519,66.9,0,3.6,"Fri",0,"above"
0.620689655172414,71.3,0,3,"Sat",0,"above"
0.568376068376068,73.6,0,2.2,"Sun",0,"above"
0.60546875,77.5,0,2.8,"Mon-Thu",0,"above"
0.530201342281879,73.8,0,1.9,"Mon-Thu",0,"above"
0.548262548262548,70.9,0,2.1,"Mon-Thu",0,"above"
0.562724014336918,73.5,0,2,"Mon-Thu",0,"above"
0.557894736842105,73.3,0,2,"Fri",0,"above"
0.648936170212766,69.9,0,5.3,"Sat",0,"above"
0.6328125,71.1,0,4.4,"Sun",0,"above"
0.66,68.1,0,4.8,"Mon-Thu",0,"above"
0.618677042801556,66.7,0,2.9,"Mon-Thu",0,"above"
0.596774193548387,68.8,0,2.3,"Mon-Thu",0,"above"
0.620408163265306,72.9,0,2,"Mon-Thu",0,"above"
0.64041095890411,75.1,0,3.5,"Fri",0,"above"
0.534722222222222,71.4,0,3.3,"Sat",0,"above"
0.682539682539683,69.7,0,4.4,"Sun",0,"above"
0.728033472803347,72.5,0,2,"Mon-Thu",0,"above"
0.723484848484849,77.9,0,3.4,"Mon-Thu",0,"above"
0.631818181818182,78.6,0,2.1,"Mon-Thu",0,"above"
0.572347266881029,80,0,2.8,"Mon-Thu",0,"above"
0.566225165562914,83.7,0,3,"Fri",0,"above"
0.547892720306513,81,0,1.2,"Sat",0,"above"
0.619047619047619,81.4,0,2.9,"Sun",0,"above"
0.590747330960854,77.8,0,5.7,"Mon-Thu",0,"above"
0.57429718875502,78.6,0,3.8,"Mon-Thu",0,"above"
0.608996539792388,82.2,0,3.7,"Mon-Thu",0,"above"
0.516129032258065,74.2,0,4.5,"Mon-Thu",0,"above"
0.579288025889968,70.7,0,3.4,"Fri",0,"above"
0.617924528301887,71.5,0,3.5,"Sat",0,"above"
0.653225806451613,76.6,0,3.5,"Sun",0,"above"
0.552845528455285,72.2,0,4.7,"Mon-Thu",0,"above"
0.708,75,0,3.6,"Mon-Thu",0,"above"
0.706563706563707,74.9,0,2.6,"Mon-Thu",0,"above"
0.655172413793103,76.4,0,3.1,"Mon-Thu",0,"above"
0.543307086614173,78.9,0,2.2,"Fri",0,"above"
0.556603773584906,79.2,0,1.4,"Sat",0,"above"
0.54726368159204,84.4,0,3.7,"Sun",0,"above"
0.567226890756303,83.3,0,1.7,"Mon-Thu",0,"above"
0.662790697674419,81.7,0,1.2,"Mon-Thu",0,"above"
0.704166666666667,83.8,0,2.6,"Mon-Thu",0,"above"
0.621722846441948,80.8,0,4.3,"Mon-Thu",0,"above"
0.585365853658537,78.8,0,1.2,"Fri",0,"above"
0.627450980392157,78.4,0,1.8,"Sat",0,"above"
0.734782608695652,81.4,0,1.8,"Sun",0,"above"
0.535580524344569,81.8,0,1.9,"Mon-Thu",0,"above"
0.616541353383459,86.7,0,2.8,"Mon-Thu",0,"above"
0.67816091954023,83.2,0,3.5,"Mon-Thu",0,"above"
0.589211618257261,77.4,0,2,"Mon-Thu",0,"above"
0.589958158995816,76.1,0,2.4,"Fri",0,"above"
0.670886075949367,76.3,0,1.7,"Sat",0,"above"
0.554112554112554,78.7,0,2.7,"Sun",0,"above"
0.630630630630631,78.2,0,1.9,"Mon-Thu",0,"above"
0.72,74.8,0,3.1,"Mon-Thu",0,"above"
0.644329896907217,75.8,0,4.1,"Mon-Thu",0,"above"
0.592885375494071,78.1,0,2.5,"Mon-Thu",0,"above"
0.616788321167883,75.6,0,4.7,"Fri",0,"above"
0.590717299578059,77.7,0,2.9,"Sat",0,"above"
0.604081632653061,77.3,0,3.5,"Sun",0,"above"
0.658119658119658,76.1,0,2.2,"Mon-Thu",0,"above"
0.602362204724409,79.4,0,2,"Mon-Thu",0,"above"
0.602459016393443,80.6,0,2.9,"Mon-Thu",0,"above"
0.566265060240964,82.7,0,1.7,"Mon-Thu",0,"above"
0.59469696969697,84.9,0,2.2,"Fri",0,"above"
0.605072463768116,79.8,0,2.9,"Sat",0,"above"
0.662337662337662,75,0,2.5,"Sun",0,"above"
0.695454545454545,79.7,0,2.4,"Mon-Thu",0,"above"
0.690298507462687,81.2,0,3.2,"Mon-Thu",0,"above"
0.549107142857143,68.7,0,6.2,"Mon-Thu",0,"above"
0.74468085106383,67.1,0,5.4,"Mon-Thu",0,"above"
0.621513944223108,75.5,0,5.3,"Fri",0,"above"
0.694444444444444,78.1,0,4.3,"Sat",0,"above"
0.668016194331984,75.3,0,2.5,"Sun",0,"above"
0.632231404958678,72.9,0,2.6,"Mon-Thu",0,"above"
0.62655601659751,72.3,0,3.6,"Mon-Thu",0,"above"
0.646341463414634,75.3,0,3.2,"Mon-Thu",0,"above"
0.637130801687764,76.9,0,0.5,"Mon-Thu",0,"above"
0.665492957746479,78,0,2.4,"Fri",0,"above"
0.588744588744589,73.9,0,3.5,"Sat",0,"above"
0.619047619047619,74.1,0,2.6,"Sun",0,"above"
0.660944206008584,73.1,0,1.7,"Mon-Thu",0,"above"
0.582995951417004,67.2,0,5.5,"Mon-Thu",0,"above"
0.632478632478632,64.6,0,4.9,"Mon-Thu",0,"above"
0.659192825112108,67.1,0,3.5,"Mon-Thu",0,"above"
0.747967479674797,70.8,0,2.2,"Fri",0,"above"
0.704641350210971,73.8,0,1.2,"Sat",0,"above"
0.542735042735043,75.4,0,1.8,"Sun",0,"above"
0.706382978723404,76.2,0,2.2,"Mon-Thu",0,"above"
0.572052401746725,74.7,0,1.7,"Mon-Thu",0,"above"
0.640926640926641,80.3,0,4.4,"Mon-Thu",0,"above"
0.700892857142857,76.6,0,5.5,"Mon-Thu",0,"above"
0.535211267605634,68.9,0,4.6,"Fri",0,"above"
0.594142259414226,71.4,0,1.6,"Sat",0,"above"
0.651260504201681,75.5,0,1.5,"Sun",0,"above"
0.548523206751055,73.3,0,3.4,"Mon-Thu",0,"above"
0.59656652360515,65.9,0,4.5,"Mon-Thu",0,"above"
0.552238805970149,67,0,1.9,"Mon-Thu",0,"above"
0.590747330960854,68.3,0,3.5,"Mon-Thu",0,"above"
0.60077519379845,69,0,2.7,"Fri",0,"above"
0.536170212765957,68.6,0,3,"Sat",0,"above"
0.585253456221198,61.7,0,4,"Sun",0,"above"
0.639175257731959,64.8,0,2.1,"Mon-Thu",0,"above"
0.561872909698997,69.7,0,3.5,"Mon-Thu",0,"above"
0.63013698630137,68.7,0,2.6,"Mon-Thu",0,"above"
0.62890625,68.9,0,1.5,"Mon-Thu",0,"above"
0.613832853025937,70.4,0,1.3,"Fri",0,"above"
0.708771929824561,73,0,2.1,"Sat",0,"above"
0.570342205323194,72.1,0,3.8,"Sun",0,"above"
0.557755775577558,67.1,0,4.5,"Mon-Thu",0,"above"
0.569672131147541,69.9,0,3.9,"Mon-Thu",0,"above"
0.715481171548117,70.1,0,4.9,"Mon-Thu",0,"above"
0.519572953736655,74.4,0,4.5,"Mon-Thu",0,"above"
0.621212121212121,73.4,0,5.6,"Fri",0,"above"
0.742971887550201,69.5,0,5.6,"Sat",0,"above"
0.610169491525424,66.8,0,5.5,"Sun",0,"above"
0.513513513513513,64,0,6,"Mon-Thu",0,"above"
0.619433198380567,62.1,0,4.5,"Mon-Thu",0,"above"
0.623809523809524,64.3,0,4.6,"Mon-Thu",0,"above"
0.58102766798419,68.3,0,2.2,"Mon-Thu",0,"above"
0.538167938931298,69.7,0,2.9,"Fri",0,"above"
0.6875,65.2,0,6.4,"Sat",0,"above"
0.675373134328358,61.4,0,5.7,"Sun",0,"above"
0.587044534412955,63.9,0,4,"Mon-Thu",0,"above"
0.54585152838428,63.8,0,5.3,"Mon-Thu",0,"above"
0.653846153846154,62.5,0,4.7,"Mon-Thu",0,"above"
0.615023474178404,65.1,0,0.6,"Mon-Thu",0,"above"
0.701244813278008,65.5,0,1,"Fri",0,"above"
0.660839160839161,67.4,0,3.3,"Sat",0,"above"
0.682008368200837,62.7,0,2.1,"Sun",0,"above"
0.578723404255319,67,0,4.8,"Mon-Thu",0,"above"
0.672,60.4,0,3,"Mon-Thu",0,"above"
0.610294117647059,61.2,0,2.1,"Mon-Thu",0,"above"
0.636363636363636,55.5,0,6,"Mon-Thu",0,"above"
0.731292517006803,56,0,3.4,"Fri",0,"above"
0.644067796610169,64.8,0,5,"Sat",0,"above"
0.588785046728972,61.7,0,4,"Sun",0,"above"
0.631840796019901,58.3,0,4.9,"Mon-Thu",0,"above"
0.547703180212014,50.2,0,5.3,"Mon-Thu",0,"above"
0.568027210884354,50.5,0,5.3,"Mon-Thu",0,"above"
0.595330739299611,50.8,0,4.8,"Mon-Thu",0,"above"
0.542372881355932,56.4,0,3.8,"Fri",0,"above"
0.62655601659751,58.9,0,1.4,"Sat",0,"above"
0.527426160337553,61,0,0.9,"Sun",0,"above"
0.650980392156863,66.5,0,2.2,"Mon-Thu",0,"above"
0.65587044534413,70.9,0,1.9,"Mon-Thu",0,"above"
0.640926640926641,66.6,0,0.9,"Mon-Thu",0,"above"
0.576923076923077,64.7,0,4.3,"Mon-Thu",0,"above"
0.607272727272727,54.5,0,2.8,"Fri",0,"above"
0.708333333333333,59.1,0,3.9,"Sat",0,"above"
0.576763485477178,51.5,0,3.4,"Sun",0,"above"
0.590909090909091,52.3,0,2.1,"Mon-Thu",0,"above"
0.572033898305085,57,0,2.5,"Mon-Thu",0,"above"
0.593137254901961,64.3,0,3,"Mon-Thu",0,"above"
0.51063829787234,70.3,0,2.9,"Mon-Thu",0,"above"
0.603703703703704,72.4,0,5.8,"Fri",0,"above"
0.622119815668203,56.5,0,3.4,"Sat",0,"above"
0.621276595744681,47.4,0,4.9,"Sun",0,"above"
0.511520737327189,50.5,0,3.6,"Mon-Thu",0,"above"
0.640394088669951,61.2,0,2.3,"Mon-Thu",0,"above"
0.690298507462687,70.4,0,4,"Mon-Thu",0,"above"
0.595121951219512,70,0,4.2,"Mon-Thu",0,"above"
0.568,58.4,0,4.3,"Fri",0,"above"
0.541463414634146,50.8,0,4.6,"Sat",0,"above"
0.661538461538462,51.5,0,2.8,"Sun",0,"above"
0.571428571428571,56.3,0,4.66775147928994,"Mon-Thu",0,"above"
